RID,DISCNAME,VISCNAME,INFO1,INFO2,IDX,VISCIDX,DISCGROUP,MODULENAME,IDX_VISCGROUP,Buf1,Buf2,Buf3,Buf4
1,正常男性腹部全套（无门静脉）,超声,肝脏形态规则，大小正常，表面光滑，实质回声分布均匀，肝内管系尚清。
胆囊大小正常，壁光滑，透声可，胆囊内未见明显异常回声，胆总管上段内径正常。
脾厚正常，实质回声分布均匀。
胰头厚正常，胰体厚正常，实质回声分布均匀，主胰管内径不扩张。
双肾形态规则，大小正常，实质回声分布均匀，双肾集合系无明显液暗区及强回声团。
双侧输尿管未见明显扩张。
CDFI:所检脏器未见明显异常血流信号。,肝、胆、脾、胰、双肾、输尿管未见明显异常声像。,0,0,腹部(肝胆胰脾双肾输尿管）,UIS,0,ZCNXFBQT（WMJM）,NULL,NULL,NULL
2,正常女性腹部全套（无门静脉）,超声,肝脏形态规则，大小正常，表面光滑， 实质回声分布均匀，肝内管系尚清。
胆囊大小正常，壁光滑，透声可，胆囊内未见明显异常回声，胆总管上段内径正常。
脾厚正常，实质回声分布均匀。	
胰头厚正常，胰体厚正常，实质回声分布均匀，主胰管内径不扩张。
双肾形态规则，大小正常，实质回声分布均匀，双肾集合系无明显液暗区及强回声团。
双侧输尿管未见明显扩张。
CDFI:所检脏器未见明显异常血流信号。,肝、胆、脾、胰、双肾、输尿管未见明显异常声像。,0,0,腹部(肝胆胰脾双肾输尿管）,UIS,0,ZCNXFBQT（WMJM）,NULL,NULL,NULL
3,女性经阴道彩超（子宫附件）,超声,子宫前位，形态规则，大小正常，实质回声均匀，宫腔线居中，内膜厚约mm，宫内未见明显异常光团及暗区。
双侧附件区未见明显包块声像。
CDFI:所检脏器未见明显异常血流信号。,子宫、附件未见明显异常声像。,1,0,腹部 (膀胱前列腺/子宫附件),UIS,0,NXJYDCC（ZGFJ）,NULL,NULL,NULL
4,甲状腺(正常),超声,甲状腺双侧叶形态规则，大小正常，表面光滑，实质回声分布均匀，内未见明显结节及占位回声。
CDFI：甲状腺内血流分布未见明显异常。
双侧颈部未见明显肿大淋巴结回声。,甲状腺双侧叶未见异常声像。
双侧颈部未见明显肿大淋巴结回声。
,0,0,正常甲状腺、颈动脉、乳腺,UIS,0,JZX(ZC),NULL,NULL,NULL
5,甲状腺、甲状旁腺、颈部淋巴结未见异常（有淋巴结）,超声,甲状腺双侧叶形态规则，大小正常，表面光滑，实质回声分布均匀，内未见明显结节及占位回声。
CDFI：甲状腺内血流分布未见明显异常。
双侧甲状旁腺区未见明显占位性病变。
双侧颈部未见明显淋巴结回声。

,甲状腺双侧叶未见异常声像。
双侧甲状旁腺区未见明显异常。
双侧颈部未见肿大淋巴结回声。
,0,0,正常甲状腺、颈动脉、乳腺,UIS,0,JZX、JZPX、GBLBJWJYC（YLBJ）,NULL,NULL,NULL
6,甲状腺、双侧颈动脉、乳腺未见异常（有淋巴结）,超声,甲状腺双侧叶切面形态规则，大小正常，表面光滑，实质回声分布均匀，内未见明显结节及其它异常回声。双侧颈部未见明显淋巴结回声。
CDFI：甲状腺血流分布及频谱未见异常。

双侧颈动脉走行正常，内膜光滑，内-中膜未增厚，管腔内无明显斑块回声，未见明显狭窄及扩张。
CDFI：双侧颈总动脉、颈内、颈外动脉内血彩未见充盈缺损。

双乳组织增厚、增粗，回声分布不均，见多个粗大点片状低回声区，呈“豹纹征”，内未见明显肿块声像。
CDFI：双乳内无异常血流信号。
,甲状腺双侧叶未见明显异常声像。
双侧颈总动脉、颈内、颈外动脉未见明显异常声像。
双侧乳腺未见占位性病变，BI-RADS 1级。,6,0,正常甲状腺、颈动脉、乳腺,UIS,0,JZX、SCGDM、RXWJYC（YLBJ）,NULL,NULL,NULL
8,乳腺（不是1级）,超声,双侧乳腺切面形态轮廓正常，层次清楚，边界光滑完整，内部回声分布均匀，未见明显结节及其它异常回声。
CDFI：双乳内未见明显异常血流信号。
双侧腋窝未见明显肿大淋巴结声像。,双侧乳腺未见明显异常声像。
双侧腋窝未见明显肿大淋巴结。
,3,0,正常甲状腺、颈动脉、乳腺,UIS,0,RX（BS1J）,NULL,NULL,NULL
9,心内结构未见明显异常,超声,"AO: mm         LA: mm          LV:  mm         PA： mm   

RA: mm         RV: mm          IVS:  mm        LVPW:  mm   AOV：cm/s

各房室内径正常，房室间隔未见明显连续中断,室间隔及左室后壁不厚，运动协调；主动脉、肺动脉内径正常，主、肺动脉位置关系正常，各瓣膜清晰，启闭自如；心包及心包腔未见明显异常回声。
M:二尖瓣前叶曲线呈“双峰”，前后叶运动异向。AO波幅正常，重博波可见。
CDFI： E＜A  E＞A  房室间隔未见过隔血流，各瓣膜口未见明显返流血彩。
心功能：EF：%  FS：%",心内结构未见明显异常声像，左室收缩舒张功能测值正常。,0,0,正常心脏,UIS,0,XNJGWJMXYC,NULL,NULL,NULL
11,胆囊多发结石,超声,"胆囊大小形态正常，壁欠光滑，内见多个强回声团，后伴声影，改变体位可移动,较大约 x mm，胆总管上段内径正常。",胆囊多发结石。,3,0,胆囊,UIS,109,DNDFJS,NULL,NULL,NULL
12,胆囊充填型结石,超声,胆囊区未探及明显正常胆囊声像，可见一弧形强光带，长约mm，后方伴大片声影，呈“WES”征，胆总管上段内径正常。,胆囊充填型结石、胆囊炎。,3,0,胆囊,UIS,10,DNCTXJS,NULL,NULL,NULL
14,胆囊多发息肉样病变,超声,胆囊大小形态正常，壁欠光滑，内见多个附壁稍高回声结节，无声影，改变体位不移动，较大约xmm，胆总管上段内径正常。,胆囊多发息肉样病变。,1,0,胆囊,UIS,9,DNDFXRYBB,NULL,NULL,NULL
16,肝囊肿（单发）,超声,肝内可见无回声区，大小约 x mm，壁薄，后壁回声增强，内透声可。,肝囊肿。,1,0,肝脏,UIS,6,GNZ（DF）,NULL,NULL,NULL
17,肝多发囊肿,超声,肝内可见多个无回声区，壁薄，内透声可，后壁回声增强，其一大小约 x mm。,肝多发囊肿。,1,0,肝脏,UIS,6,GDFNZ,NULL,NULL,NULL
18,肝内钙化灶,超声,肝内可见一强回声斑，大小约 x mm，后无声影。,肝内钙化灶。,1,0,肝脏,UIS,6,GNGHZ,NULL,NULL,NULL
19,肝血管瘤,超声,肝内可见稍高/稍低/等回声结节，大小约 x mm，形态规则，边界尚清，内部回声欠均匀，内呈“网格状”改变，后方回声无衰减。
CDFI:结节内未见明显血流信号/可见点条状血流信号。,肝内稍高/稍低/等回声结节，考虑肝血管瘤。,2,0,肝脏,UIS,6,GXGL,NULL,NULL,NULL
20,肝多发血管瘤,超声,肝内可见多个稍高/稍低/等回声结节，形态规则，边界尚清，内部回声欠均匀，内呈网格状改变，后方回声无衰减，较大约 x mm。,肝内稍高/稍低/等回声结节，考虑肝多发血管瘤。,2,0,肝脏,UIS,6,GDFXGL,NULL,NULL,NULL
21,肝内胆管结石,超声,右肝前叶/右肝后叶，左肝内叶/左肝外叶见沿胆管分布的强光团/带，后伴声影，远端胆管稍扩张，内径 mm，范围约 x mm。,肝内胆管结石。,2,0,肝脏,UIS,6,GNDGJS,NULL,NULL,NULL
22,肝内胆管多发结石,超声,右肝前叶/右肝后叶，左肝内叶/左肝外叶见多个沿胆管分布的强回声团/带，后伴声影，较大约 x mm，远端胆管稍扩张，内径 mm。,肝内胆管多发结石。,2,0,肝脏,UIS,6,GNDGDFJS,NULL,NULL,NULL
23,肝硬化,超声,"肝脏形态欠规则,体积正常/缩小,肝包膜表面欠光滑/呈锯齿状,实质回声增粗,分布不均匀,管系结构显示不清晰/走形欠/不规则。
CDFI：示肝静脉变细，血流信号减少。",肝硬化。,2,0,肝脏,UIS,6,GYH,NULL,NULL,NULL
24,多囊肝,超声,"肝脏形态欠规则,轮廓增大，表面欠光滑，正常肝实质/部分肝实质回声几乎消失，可见大小不等的无回声区，较大约 x mm，边界清晰/欠清晰，壁薄，光滑，后方回声增强，囊与囊之间彼此不相连通。
",多囊肝。,2,0,肝脏,UIS,6,DNG,NULL,NULL,NULL
25,血吸虫肝病,超声,"肝脏形态尚规则/不规则，大小正常/增大/缩小，表面不/欠光滑，肝实质点状回声增粗，分布不均匀,呈网格状/地图状改变。
CDFI：示血流信号减少。
",肝脏声像，考虑实质弥漫性病变，血吸虫肝病？请结合临床，建议进一步检查。,2,0,肝脏,UIS,6,XXCGB,NULL,NULL,NULL
26,副脾,超声,脾门区可见一等回声结节，大小约 x mm，形态规则，边界清，内回声均匀。,副脾。,0,0,脾,UIS,2,FP,NULL,NULL,NULL
27,前列腺钙化灶,超声,内见强回声斑。,前列腺钙化灶。,0,0,前列腺,UIS,1,QLXGHZ,NULL,NULL,NULL
28,前列腺多发钙化灶,超声,内见多个强回声斑。,前列腺多发钙化灶。,0,0,前列腺,UIS,1,QLXDFGHZ,NULL,NULL,NULL
29,前列腺稍大,超声,前列腺大小约 xx mm，形态稍饱满，实质回声欠均匀，内未见明显包块回声。,前列腺稍大。 ,1,0,前列腺,UIS,1,QLXSD,NULL,NULL,NULL
30,前列腺增生并钙化灶,超声,前列腺大小约 xx mm，形态饱满，实质回声欠均匀，内见强回声斑，后伴弱声影。,前列腺增大并钙化灶。,0,0,前列腺,UIS,1,QLXZSBGHZ,NULL,NULL,NULL
31,肾结石（单发）,超声,左肾/右肾集合系内见一强回声点，后伴声影，大小约 x mm，无液性暗区。,左肾/右肾结石。 ,1,0,双肾,UIS,9,SJS（DF）,NULL,NULL,NULL
32,双肾多发结石,超声,双肾集合系内可见多个强回声团，伴声影，较大分别约 x mm（左肾）、 x mm（右肾），无液性暗区。
,双肾多发结石。,3,0,双肾,UIS,10,SSDFJS,NULL,NULL,NULL
33,肾结石并积水,超声,肾集合系内见一强回声团，大小约 x mm，后伴声影，并见  mm宽的液暗区。 
,左肾/右肾/双肾结石伴轻度/中度积水。,2,0,双肾,UIS,10,SJSBJS,NULL,NULL,NULL
34,肾囊肿（单发）,超声,肾实质内可见一无回声区，壁薄，后壁回声增强，内透声可，大小约 x mm。,左肾/右肾囊肿。,2,0,双肾,UIS,10,SNZ（DF）,NULL,NULL,NULL
35,双肾多发囊肿,超声,双肾实质内可见多个无回声区，壁薄，后壁回声增强，内透声可，较大分别约 x mm（左肾）、 x mm（右肾）。,双肾多发囊肿。,2,0,双肾,UIS,10,SSDFNZ,NULL,NULL,NULL
36,肾钙化灶,超声,左肾/右肾实质内见一强回声斑，后伴弱声影，大小约 x mm。,左肾/右肾钙化灶。,1,0,双肾,UIS,10,SGHZ,NULL,NULL,NULL
37,肾多发钙化灶,超声,肾实质内见多个强回声斑，后伴弱声影，较大约 x mm。,肾多发钙化灶。,2,0,双肾,UIS,10,SDFGHZ,NULL,NULL,NULL
38,肾错构瘤,超声,双肾/右肾/左肾实质内见高回声结节，边界尚清，形态尚规则，内部回声欠均匀，大小约 x mm。
CDFI:结节内未见明显血流信号/可见点条状血流信号。,双肾/右肾/左肾高回声结节，考虑错构瘤。,2,0,双肾,UIS,10,SCGL,NULL,NULL,NULL
39,肾积水,超声,左侧/右侧肾脏集合系统可见宽约 mm的分离液暗区。,肾积水/肾集合系统分离。,2,0,双肾,UIS,10,SJS,NULL,NULL,NULL
40,肾囊肿并囊壁钙化,超声,双肾/右肾/左肾实质内见无回声区，大小约 x mm，壁薄，后壁回声增强，壁上可见强回声点。,双肾/右肾/左肾囊肿并部分囊壁钙化。,1,0,双肾,UIS,10,SNZBNBGH,NULL,NULL,NULL
41,肾积水伴输尿管结石,超声,肾集合系回声分离，可见深约 mm的分离暗区，输尿管上段内径约 mm，距肾门约 mm处可见大小约 x mm的强回声团，伴声影。
,肾积水伴输尿管结石。,2,0,双肾,UIS,10,SJSBSNGJS,NULL,NULL,NULL
42,双侧卵巢多囊样改变,超声,右侧卵巢大小约 x mm，左侧卵巢大小约 x mm，双侧卵巢同一切面内可见大于十个小囊泡声像，直径约7-9mm。,双侧卵巢多囊样改变。,0,0,子宫、附件,UIS,0,SCLCDNYGB,NULL,NULL,NULL
43,宫颈囊肿,超声,宫颈内可见无回声区，大小约 x mm，壁薄，后壁回声增强，内透声可。,宫颈囊肿。,0,0,子宫、附件,UIS,0,GGNZ,NULL,NULL,NULL
44,宫颈多发囊肿,超声,宫颈内可见多个无回声区，较大约 x mm，壁薄，后壁回声增强，内透声可。 ,宫颈多发囊肿。,0,0,子宫、附件,UIS,0,GGDFNZ,NULL,NULL,NULL
45,子宫肌瘤,超声,子宫前壁/后壁可见低回声结节，大小约 x mm，形态规则，边界清晰，内部回声欠均匀。,子宫低回声结节，考虑子宫肌瘤（分型：型）。,0,0,子宫、附件,UIS,0,ZGJL,NULL,NULL,NULL
46,子宫多发肌瘤,超声,子宫前壁/后壁内可见多个低回声结节，较大约 x mm，形态规则，边界清晰，内部回声欠均匀。,子宫低回声结节，考虑子宫多发肌瘤（分型：型）。,0,0,子宫、附件,UIS,0,ZGDFJL,NULL,NULL,NULL
47,卵巢囊肿,超声,左侧/右侧卵巢可见无回声区，壁薄，内壁光滑，内透声可，后壁回声增强，大小约 x mm。,左侧/右侧卵巢囊肿。,2,0,子宫、附件,UIS,0,LCNZ,NULL,NULL,NULL
48,子宫内膜声像改变,超声,子宫前位/平位/后位，大小约xx mm，内膜厚  mm，局限性/弥漫性回声增强，子宫肌层为非均质性低回声，内部点状回声增粗。
CDFI：病变肌层血流信号丰富。,子宫内膜声像改变，性质待定。,0,0,子宫、附件,UIS,0,ZGNMSXGB,NULL,NULL,NULL
49,子宫肌瘤伴囊性变,超声,子宫前位/平位/后位，大小约 xx mm，内膜厚 mm，前壁/后壁见大小约 x mm混合性结节，形态规则，边界清晰，内部回声不均匀，见不规则无回声区/强回声区。
CDFI：结节内血流信号稍增多。,子宫肌瘤伴囊性变/钙化。,0,0,子宫、附件,UIS,0,ZGJLBNXB,NULL,NULL,NULL
50,子宫腺肌症,超声,肌壁增厚，点状回声增粗，宫腔线前移。 ,子宫腺肌症。,0,0,子宫、附件,UIS,0,ZGXJZ,NULL,NULL,NULL
51,宫内节育器,超声,宫腔内可见强回声环，其上缘距宫底 mm，位置正常。,宫内节育器。,0,0,子宫、附件,UIS,0,GNJYQ,NULL,NULL,NULL
52,甲状腺单发结节,超声,"甲状腺双侧叶形态规则，大小正常，表面光滑，包膜完整,内部回声均匀，侧叶内可见回声结节，大小约 x mm，形态规则，边界清晰，内部回声欠均匀。
CDFI:甲状腺结节内未见明显血流信号/周边见点状血流信号。
双侧颈部未见明显肿大淋巴结。",甲状腺侧叶结节，TI-RADS 3类。 
双侧颈部未见明显肿大淋巴结回声。
,2,0,甲状腺疾病,UIS,1,JZXDFJJ,NULL,NULL,NULL
53,甲状腺双侧叶多发结节,超声,甲状腺双侧叶形态规则，大小正常，表面光滑，包膜完整，内部回声欠均匀，甲状腺双侧叶内可见多个低/混合回声结节，形态规则，边界清晰，内部回声欠均匀，较大约 x mm（左）、 x mm（右）。
CDFI:甲状腺结节内未见明显血流信号/周边见点状血流信号。
双侧颈部未见明显肿大淋巴结。,甲状腺双侧叶多发结节，TI-RADS 3类。 
双侧颈部未见明显肿大淋巴结回声。
,5,0,甲状腺疾病,UIS,0,JZXSCYDFJJ,NULL,NULL,NULL
54,甲状腺无回声结节（单发）,超声,甲状腺双侧叶形态规则，大小正常，表面光滑，包膜完整，内部回声均匀，左/右侧叶内可见无回声结节，大小约 x mm，形态规则，边界清晰，内透声可。
CDFI:甲状腺结节内未见明显血流信号。
双侧颈部未见明显肿大淋巴结。,甲状腺左/右侧叶结节，TI-RADS 2类。 
双侧颈部未见明显肿大淋巴结回声。,4,0,甲状腺疾病,UIS,0,JZXWHSJJ（DF）,NULL,NULL,NULL
55,桥本氏甲状腺炎,超声,甲状腺双侧叶形态规则，大小正常/体积增大，表面光滑，包膜完整，腺体内点状回声增强，分布不均，见多个稍高回声带，呈网格状/筛窦状改变。
CDFI：甲状腺内血流信号稍增多。
双侧颈部未见明显肿大淋巴结回声。
,甲状腺声像改变，考虑甲状腺实质弥漫性病变，桥本氏甲状腺炎？请结合临床，建议进一步检查。
双侧颈部未见明显肿大淋巴结回声。,0,0,甲状腺疾病,UIS,0,QBSJZXY,NULL,NULL,NULL
56,甲状腺功能亢进,超声,甲状腺双侧叶形态欠/不规则，大小正常/体积增大，表面光滑，包膜完整，腺体内点状回声增强，分布不均，呈弥漫性改变，未见占位性病变。
CDFI：腺体内血流信号增多，呈“火海”征。
双侧颈部未见明显肿大淋巴结回声。
,甲状腺双侧叶肿大，考虑甲状腺实质弥漫性病变，甲状腺功能亢进？请结合临床，建议进一步检查。
双侧颈部未见明显肿大淋巴结回声。,0,0,甲状腺疾病,UIS,0,JZXGNKJ,NULL,NULL,NULL
58,甲状腺腺瘤,超声,甲状腺左侧叶/右侧叶内见一大小约 x mm低回声/等回声/稍高回声区，边界清晰，包膜完整，周边有声晕，内部回声分布欠均。
CDFI：甲状腺低回声/等回声/稍高回声区周边见环绕血流信号。
双侧颈部未见明显肿大淋巴结声像。

,甲状腺左侧叶/右侧叶内实质性肿块，考虑为甲状腺腺瘤，TI-RADS 类。
双侧颈部未见明显肿大淋巴结声像。
,1,0,甲状腺疾病,UIS,0,JZXXL,NULL,NULL,NULL
59,甲状腺低回声/不均质回声结节,超声,甲状腺左侧叶/右侧叶内见一大小约 x mm低回声/不均质回声结节，形态不规则，边界不清晰，呈锯齿状，后方回声衰减。
CDFI：甲状腺低回声/不均质回声结节内部血流信号分布增多。
双侧颈部未见明显肿大淋巴结声像。
,甲状腺左侧叶/右侧叶内低回声/不均质回声结节，TI-RADS 类。 
双侧颈部未见明显肿大淋巴结声像。
,1,0,甲状腺疾病,UIS,0,JZXDHS/BJZHSJJ,NULL,NULL,NULL
61,双侧颈动脉内中膜增厚,超声,双侧颈动脉（颈总、颈内、颈外动脉）走行正常，内膜面光滑，内-中膜非均质性增厚，较厚处分别约  mm（左）、 mm（右），管腔内无明显斑块回声，未见明显狭窄及扩张。
CDFI:颈动脉内未见充盈缺损。
双侧锁骨下动脉走行正常，内径对称，形态规则，内壁光滑，内未见斑块、狭窄、扩张及其他异常回声。
CDFI：双侧锁骨下动脉血流速度正常，内血彩未见充盈缺损。,双侧颈动脉内-中膜增厚。,0,0,颈动脉疾病,UIS,6,SCGDMNZMZH,NULL,NULL,NULL
63,双侧颈动脉粥样硬化伴多发斑块形成,超声,双侧颈动脉（颈总、颈内、颈外动脉）走行正常，内膜面毛糙，内-中膜非均质性增厚，较厚处分别约  mm（左）、 mm（右），双侧颈总动脉内见多个 回声斑块，较大约 x mm（左），较大约 x mm（右），形态规则/不规则，内回声均匀/边界清，纤维帽完整/不完整。
CDFI：上述颈动脉斑块处可见血彩充盈缺损，余颈动脉各段血流充盈好，血流速度正常。
双侧锁骨下动脉走行正常，形态规则，内壁光滑，内未见斑块、狭窄、扩张及其他异常回声。
CDFI：双侧锁骨下动脉血流速度正常，内血彩未见充盈缺损。,双侧颈动脉粥样硬化并多发斑块形成。,0,0,颈动脉疾病,UIS,6,SCGDMZYYHBDFBKXC,NULL,NULL,NULL
64,乳腺囊肿（单发）,超声,双侧乳腺切面形态轮廓正常，层次清楚，边界光滑完整，内部回声分布均匀，左乳/右乳  点处可探及一无回声结节，大小约 x mm，形态规则，壁薄，后壁回声增强，内透声可。
CDFI：结节内未见明显血流信号。
双侧腋窝未见明显肿大淋巴结声像。,左乳/右乳无回声结节，BI-RADS 2类。
双侧腋窝未见明显肿大淋巴结声像。,5,0,乳腺疾病,UIS,5,RXNZ（DF）,NULL,NULL,NULL
65,双乳多发囊肿,超声,双侧乳腺切面形态轮廓正常，层次清楚，边界光滑完整，内部回声分布均匀，双乳内可探及多个无回声结节，左乳 点处较大约 x mm、右乳 点处较大约 x mm，形态规则，壁薄，后壁回声增强。
CDFI：结节内未见明显血流信号。
双侧腋窝未见明显肿大淋巴结声像。,双乳多发囊肿，BI-RADS 2类。
双侧腋窝未见明显肿大淋巴结声像。,5,0,乳腺疾病,UIS,5,SRDFNZ,NULL,NULL,NULL
67,双乳多发结节（脑科医院）,超声,双侧乳腺切面形态轮廓正常，层次清楚，边界光滑完整，内部回声分布均匀，双乳内可探及多个低回声结节，其一大小分别约 xmm（位于左乳 点）、 xmm（位于右乳 点），形态规则，边界清晰，内部回声均匀。
CDFI：结节内未见明显血流信号/结节周边点状血流信号。
双侧腋窝未见明显肿大淋巴结声像。
,双乳多发结节，BI-RADS 3类。
双侧腋窝未见明显肿大淋巴结声像。,2,0,乳腺疾病,UIS,2,SRDFJJ（NKYY）,NULL,NULL,NULL
68,哺乳期乳腺,超声,"双侧乳腺腺体层增厚，腺体回声增强，可见部分乳管扩张,乳腺腺体可见含液体性包块，未见明显实质性肿块。
CDFI：双乳内无异常血流信号。
双侧腋窝未见明显肿大淋巴结声像。
",哺乳期乳腺。
双侧腋窝未见明显肿大淋巴结声像。,5,0,乳腺疾病,UIS,5,BRQRX,NULL,NULL,NULL
69,乳腺纤维瘤,超声,双侧乳腺切面形态轮廓正常，层次清楚，边界光滑完整，内部回声分布均匀，左乳/右乳  点处可探及一大小约  x  mm低回声/等回声区，形态规则，边界清晰，包膜完整，内部回声均匀。
CDFI：低回声/等回声区周边环绕血流信号/点状血流信号。
双侧腋窝未见明显肿大淋巴结声像。,左乳/右乳实质肿块，考虑纤维瘤，BI-RADS 类。
双侧腋窝未见明显肿大淋巴结声像。 ,5,0,乳腺疾病,UIS,5,RXXWL,NULL,NULL,NULL
71,二尖瓣口轻度返流,超声,二尖瓣口→于左房侧收缩期可见少量以蓝色为主的返流，余瓣膜口未见明显返流血彩。,二尖瓣口轻度返流。,0,0,心脏疾病,UIS,3,EJBKQDFL,NULL,NULL,NULL
72,肺动脉瓣口轻度返流,超声,肺动脉瓣口→于右室侧舒张期可见少量以红色为主的返流，余瓣膜口未见明显返流血彩。 ,肺动脉瓣口轻度返流。,0,0,心脏疾病,UIS,3,FDMBKQDFL,NULL,NULL,NULL
73,三尖瓣口轻度返流,超声,三尖瓣口→于右房侧收缩期可见少量以蓝色为主的返流，余瓣膜口未见明显返流血彩。,三尖瓣口轻度返流。,0,0,心脏疾病,UIS,3,SJBKQDFL,NULL,NULL,NULL
74,主动脉瓣口轻度返流,超声,主动脉瓣口→于左室侧舒张期可见少量以红色为主的返流，余瓣膜口未见明显返流血彩。,主动脉瓣口轻度返流。,0,0,心脏疾病,UIS,3,ZDMBKQDFL,NULL,NULL,NULL
76,,,,,0,0,,UIS,1,,NULL,NULL,NULL
77,,,,,0,0,,UIS,1,,NULL,NULL,NULL
78,乳腺多发结节（脑科医院）,超声,双侧乳腺切面形态轮廓正常，层次清楚，边界光滑完整，内部回声分布均匀，左乳/右乳可探及多个低回声结节，其一大小约xmm（位于 点），形态规则，边界清晰，内部回声欠均匀。
CDFI：结节内未见明显血流信号/结节周边可见点状血流信号。
双侧腋窝未见明显肿大淋巴结声像。,左乳/右乳多发低回声结节，BI-RADS 3类。
双侧腋窝未见明显肿大淋巴结声像。,2,0,乳腺疾病,UIS,2,RXDFJJ（NKYY）,NULL,NULL,NULL
79,胆囊胆固醇结晶,超声,胆囊形态规则，大小正常，壁稍毛糙，见多个附壁强回声点，其一大小约2x2mm，后伴彗尾征，改变体位不移动，胆总管上段内径正常。,胆囊壁多发胆固醇结晶。,3,0,胆囊,UIS,9,DNDGCJJ,NULL,NULL,NULL
80,脂肪肝（中-重）,超声,"肝脏增大，形态规则，轮廓欠清，表面光滑, 实质回声分布不均匀,近场回声增强，远场回声衰减，肝内管系显示不清。",脂肪肝（中-重度）。,0,0,肝脏,UIS,6,ZFG（Z-Z）,NULL,NULL,NULL
81,脂肪肝（轻度）,超声,"肝脏形态大小正常，表面光滑, 实质回声分布欠均匀,近场回声稍增强，远场回声略衰减，肝内管系显示尚清。",脂肪肝。,0,0,肝脏,UIS,6,ZFG（QD）,NULL,NULL,NULL
82,双乳小叶增生 1类,超声,双乳组织增厚、增粗，回声分布不均，见多个粗大点片状低回声区，呈“豹纹征”。
CDFI：双乳内未见明显异常血流信号。
,双侧乳腺未见占位性病变，BI-RADS 1类。,1,0,乳腺疾病,UIS,0,SRXYZS 1L,NULL,NULL,NULL
87,主动脉瓣退行性变,超声,"主动脉瓣增厚，回声增强，可见强回声斑,余瓣膜清晰。",主动脉瓣退行性变。,0,0,心脏疾病,UIS,1,ZDMBTXXB,NULL,NULL,NULL
88,左室顺应性减退（假性正常）,超声,TDI   e＜a,左室顺应性减退，收缩功能测值正常。,0,0,心脏疾病,UIS,1,ZSSYXJT（JXZC）,NULL,NULL,NULL
89,乳腺结节单发,超声,双侧乳腺切面形态轮廓正常，层次清楚，边界光滑完整，内部回声分布均匀，左乳/右乳  点可探及一低回声结节，大小约 x mm，形态规则，边界清晰，内部回声欠均匀。
CDFI：结节内未见明显血流信号/结节周边可见点状血流信号。
双侧腋窝未见明显肿大淋巴结声像。,左乳/右乳低回声结节，BI-RADS 3类。
双侧腋窝未见明显肿大淋巴结声像。,2,0,乳腺疾病,UIS,2,RXJJDF,NULL,NULL,NULL
90,乳腺结节（310）,超声,双侧乳腺切面形态轮廓正常，层次清楚，边界光滑完整，内部回声分布均匀，右乳 点处可见低回声结节，大小约  ，边界清，形态规则，内回声欠均匀。
CDFI：双乳内无异常血流信号或结节周边可见点状血流信号。, 乳结节，BI-RADS   级。,0,罗海华,乳腺疾病,UIS,4,RXJJ（310）,NULL,NULL,NULL
91,双肾,,,,0,0,,UIS,0,SS,NULL,NULL,NULL
93,,,,,0,0,,UIS,0,,NULL,NULL,NULL
94,甲状腺回声不均匀,超声,甲状腺双侧叶形态规则，大小正常，表面光滑，实质回声不均匀，内未见明显结节及占位回声。
CDFI：甲状腺内未见明显异常血流信号。
双侧颈部未见明显肿大淋巴结声像。
,甲状腺实质回声不均匀，请结合临床及实验室检查。
双侧颈部未见明显肿大淋巴结回声。,1,0,甲状腺疾病,UIS,0,JZXHSBJY,NULL,NULL,NULL
95,主动脉瓣钙化,超声,主动脉瓣可见附壁强回声斑。,主动脉瓣钙化。,4,0,心脏疾病,UIS,0,ZDMBGH,NULL,NULL,NULL
96,二尖瓣钙化,超声,二尖瓣可见附壁强回声斑。,二尖瓣钙化。,4,0,心脏疾病,UIS,0,EJBGH,NULL,NULL,NULL
98,胆泥沉积,超声,胆囊大小形态正常/增大，壁欠光滑，内透声差/欠佳，内可见多个强回声点堆积，范围约mm，改变体位可移动，胆总管上段内径正常。,胆囊内胆泥沉积。,3,0,胆囊,UIS,8,DNCJ,NULL,NULL,NULL
99,胎儿,超声,胎儿
胎方位：                       双顶径：
头围：                         腹围：
肱骨：                         股骨：
 
颅内结构，颅骨光环完整，脑中线居中，丘脑可见，小脑可见形态正常，小脑髓部可见，侧脑室不宽，
颅后窝池无明显增宽
颜面部：显示欠清
脊柱：双光带呈平行排列，连续整齐
肢体：肢体部分可见
心脏：四腔心欠清，胎心：  
腹部：膀胱可见，双肾隐约可见，胃泡可见
脐带：脐血管   根，脐动脉   根，颈部未见U型压迹、脐带回声及环形血彩
脐动脉血流阻力     S/D：        RI:
羊水（AF)：右上    mm，右下：   mm，左上    mm，左下    mm，指数    mm
胎盘：附着于子宫    壁，  级，下缘距宫颈内口   cm，胎盘最厚处   cm
宫颈内口呈一字型，宫颈管长   cm
,宫内单活胎    胎儿B超测量值相当于   周
,0,0,正常胎儿模版,UIS,3,TE,NULL,NULL,NULL
100,胆囊结石（单发）,超声,"胆囊大小形态正常，壁欠光滑，内见一强回声团,大小约 x mm，后伴声影，改变体位可移动，胆总管上段内径正常。",胆囊结石。,2,0,胆囊,UIS,109,DNJS（DF）,NULL,NULL,NULL
101,肝内多发钙化灶,超声,肝内可见多个强回声斑，后无声影，其一大小约 x mm。,肝内多发钙化灶。,1,0,肝脏,UIS,6,GNDFGHZ,NULL,NULL,NULL
102,TDI: e＜a ,超声,TDI: E＜A ,,0,0,心脏疾病,UIS,3,TDI: E＜A ,NULL,NULL,NULL
105,睾丸及附睾,超声,双侧睾丸大小分别约 xx  mm(L），xx mm(R)，形态规则，实质回声均匀，未见明显肿块回声。
双侧附睾大小分别约：头 x  mm(L)，x mm(R)，体 mm(L)，mm(R)，尾 x  mm(L)，x mm(R)，形态规则，实质回声均匀，未见明显肿块回声。
阴囊内未探及明显病理性液暗区。
双侧精索结构清晰，无明显增粗，未见明显异常回声。
CDFI：双侧睾丸及附睾未见明显异常血流信号。
,双侧睾丸及附睾未见明显异常。,1,0,睾丸,UIS,9,GWJFG,NULL,NULL,NULL
107,睾丸 附睾,超声,双侧睾丸形态规则，表面光滑，大小正常，实质回声均匀，未见明显肿块回声。
双侧附睾形态规则，表面光滑，大小正常，实质回声均匀，未见明显肿块回声。
双侧精索未见明显曲张。
CDFI：双侧睾丸、附睾、精索未见明显异常血流信号。
,双侧睾丸、附睾、精索无明显异常声像。

,0,0,睾丸,UIS,9,GW FG,NULL,NULL,NULL
108,正常双侧肾上腺,超声,双侧肾上腺显示欠清，双侧肾上腺区未探及明显包块及液暗区等。
CDFI:双侧肾上腺未见明显异常血流信号。,双侧肾上腺未见明显异常声像。,0,0,双肾,UIS,8,ZCSCSSX,NULL,NULL,NULL
110,上肢血管,超声,双侧肱动脉及其分支走行规则，管壁光滑，管腔无扩张，狭窄，内未见异常回声。
CDFI：上述动脉血流充盈。
双侧肱静脉及其属支走行规则，管壁光滑，管腔无扩张或狭窄，加压后管腔闭合良好，内未见异常回声。
CDFI：上述静脉血流充盈。
,双上肢动脉血管结构未见异常，血流通畅。
双上肢静脉血管结构未见异常，血流通畅。,0,0,四肢血管,UIS,3,SZXG,NULL,NULL,NULL
111,下肢血管,超声,双下肢股总动脉、股深动脉、股浅动脉、腘动脉及其分支走行规则，管壁光滑，管腔无明显扩张或狭窄，内未见明显异常回声。
CDFI：上述动脉血流充盈可。
双下肢股总静脉、股深静脉、股浅静脉、腘静脉及其属支走行规则，管壁光滑，管腔无明显扩张或狭窄，加压后管腔闭合良好，内未见异常回声。
CDFI：上述静脉血流充盈可，做“va1sa1va”动作时未见返流血流信号。
,双下肢静脉血管结构未见异常，血流通畅。
双下肢动脉血管结构未见异常，血流通畅。,0,0,四肢血管,UIS,3,XZXG,NULL,NULL,NULL
112,正常腹部（门静脉）,超声,门静脉内径、走行正常，管腔内透声可，内未见明显异常回声。
CDFI:门静脉血彩充填完整，内未见明显异常血流。
,门静脉未见明显异常声像。,2,0,腹部(肝胆胰脾双肾输尿管）,UIS,0,ZCFB（MJM）,NULL,NULL,NULL
113,双侧椎动脉未见异常,超声,双侧椎动脉走行正常，内径对称，形态规则，内壁光滑，内未见斑块、狭窄、扩张及其他异常回声。
CDFI：双侧椎动脉血流速度正常，双侧椎动脉内血彩未见充盈缺损。,双侧椎动脉未见明显异常声像。,4,0,正常甲状腺、颈动脉、乳腺,UIS,0,SCZDMWJYC,NULL,NULL,NULL
114,双乳小叶增生 ,超声,双乳组织增厚、增粗，回声分布不均，见多个粗大点片状低回声区，呈“豹纹征”。
CDFI：双乳内无异常血流信号。
,双乳小叶增生。,0,罗海华,乳腺疾病,UIS,2,SRXYZS ,NULL,NULL,NULL
115,E＜A,超声,E＜A,左室松弛性下降，收缩功能测值正常。,0,0,心脏疾病,UIS,3,E＜A,NULL,NULL,NULL
116,亚急性甲状腺炎,超声,甲状腺双侧叶切面形态规则，表面光滑，大小正常，实质点状回声增粗、增强，分布欠均匀，内见一个/多个片状低回声区，形态欠规则，边界欠清，内分布欠均匀。
CDFI：甲状腺内可见较丰富的血流信号。
双侧颈部未见明显肿大淋巴结回声。,甲状腺实质弥漫性病变，考虑亚急性甲状腺炎？请结合临床及实验室检查。
双侧颈部未见明显肿大淋巴结回声。,0,0,甲状腺疾病,UIS,0,YJXJZXY,NULL,NULL,NULL
117,甲状腺双侧叶无回声结节,超声,"甲状腺双侧叶形态规则，大小正常,表面光滑，包膜完整，内部回声欠均匀，双侧叶内可见无回声结节，形态规则，边界清晰，内透声可，大小分别约 x mm（左侧叶）、x mm（右侧叶）。
CDFI:甲状腺结节内未见明显血流信号。
双侧颈部未见明显肿大淋巴结回声。",甲状腺双侧叶结节，TI-RADS 2类。
双侧颈部未见明显肿大淋巴结回声。
,4,0,甲状腺疾病,UIS,0,JZXSCYWHSJJ,NULL,NULL,NULL
118,椎动脉疾病,超声,双侧椎动脉局部走行弯曲/正常，右侧椎动脉内径mm，血流阻力值：0cm/s，左侧椎动脉内径mm，阻力值：cm/s，形态规则，内壁光滑，内未见斑块、增厚、狭窄、扩张及其他异常回声。
CDFI：双侧椎动脉内血彩未见充盈缺损。,双侧椎动脉内径稍窄，血流阻力增高。
双侧椎动脉走形弯曲。,0,0,颈动脉疾病,UIS,2,ZDMJB,NULL,NULL,NULL
120,前列腺囊肿,超声,内可见一无回声区，壁薄，后壁回声增强，内透声可，大小约 x mm。,前列腺囊肿。,0,0,前列腺,UIS,1,QLXNZ,NULL,NULL,NULL
121,肾泥沙样结石,超声,双肾/右肾/左肾集合系内见多个细小强回声点，后方声影不明显，无液性暗区。,双肾/右肾/左肾多发泥沙样结石。,1,0,双肾,UIS,9,SNSYJS,NULL,NULL,NULL
122,左室假腱索。（三医院）,超声,左室腔内可见一厚约  mm的强回声带连于室间隔，与左室壁游离。
,左室假腱索。,1,0,心脏疾病,UIS,0,ZSJJS。（SYY）,NULL,NULL,NULL
123,,,,,0,0,,UIS,0,,NULL,NULL,NULL
125,永存下腔静脉瓣,超声,右房内可见一纤细光带漂浮，其一端附着于下腔静脉入右房处。,永存下腔静脉瓣。,3,0,心脏疾病,UIS,0,YCXQJMB,NULL,NULL,NULL
126,房间隔缺损,超声,右房右室增大，左心大小正常，室壁不厚，室间隔与左室后壁呈同像/异像，室壁收缩幅度正常/异常，房间隔中部/上部/下部可探及宽约mm的连续性中断。室间隔连续完整，三尖瓣瓣环扩大，开放尚可，关闭不拢，余瓣膜成分清晰，启闭自如。升主动脉内径正常，肺动脉内径正常，大动脉位置关系正常。心包及心包腔未见明显异常。
M:二尖瓣前后叶逆向运动，曲线呈双峰。主动脉主波正常，重博波可见。
CDFI:室间隔未见过膈血流。房间膈水平上述回声连续性中断处于舒张期可见左-右/右-左以红色/蓝色为主的过隔血彩，Vmax：m/s。三尖瓣口→于右房侧收缩期可见以蓝色为主的返流信号，Vmax：m/s。余瓣膜口未见明显返流血彩。肺动脉流速增高，Vmax：m/s。,先天性心脏病。
房间隔缺损（II型）
房水平左-右/右-左分流。
三尖瓣返流（轻/中/重度）。
肺动脉高压（轻/中/重度）。,3,0,心脏疾病,UIS,3,FJGQS,NULL,NULL,NULL
127,室间隔缺损,超声,"左右房室内径增大，室间隔与右室前壁增厚，左室后壁不厚，运动幅度正常，房间隔连续，室间隔膜周部回声连续性中断，宽约mm，大动脉短轴切面位于  点位置。二、三尖瓣环扩大，瓣叶形态回声正常/异常，对合欠佳，大动脉位置关系正常，肺动脉内径增宽，主动脉弓降部未见异常。心包及心包腔未见明显异常。
M:二尖瓣前后叶逆向运动，曲线呈双峰。主动脉主波正常，重博波可见。
CDFI:室间隔水平收缩期可探及左-右为主/双向的过膈血流，Vmax: cm/s。二尖瓣口→于左房侧收缩期可见少量以蓝色为主的返流,Vmax: cm/s，三尖瓣口→于右房侧收缩期可见少量以蓝色为主的返流,Vmax: cm/s，估测肺动脉收缩压 mmHg，肺动脉瓣口→于右室侧舒张期可见少量以红色为主的返流,Vmax: cm/s。 ",先天性心脏病。
室间隔缺损（  膜周部/）。
室水平左-右(左-右为主双向)分流。
肺动脉高压（  度）。
二尖瓣返流（  度）。
三尖瓣返流（  度）。,3,0,心脏疾病,UIS,3,SJGQS,NULL,NULL,NULL
128,室间隔缺损并膜部瘤形成,超声,双室增大，双房大小正常，房间隔连续，室间隔上部可见“风袋样”结构向右室内突起，基底宽约 mm，向右室面突起约 mm，其表面回声中断宽约  mm，室壁不厚，运动不协调。各瓣膜成分清晰，启闭自如。升主动脉内径正常，肺动脉内径正常，大动脉位置关系正常。心包及心包腔未见明显异常。
M:二尖瓣前后叶逆向运动，曲线呈双峰。主动脉主波正常，重博波可见。
CDFI TDI:室壁运动加速正常。房室间隔未见过膈血流。室间膈上部“风袋样”结构回声中断处可见左向右过隔血彩，Vmax：m/s，各瓣口未见明显返流血彩。主、肺动脉收缩期蓝色层流，流速正常。,室间隔缺损并膜部瘤形成。,3,0,心脏疾病,UIS,3,SJGQSBMBLXC,NULL,NULL,NULL
129,动脉导管未闭,超声,左心增大，右心大小正常，房室间隔连续，室壁不厚，运动不协调。各瓣膜成分清晰，启闭自如。升主动脉内径正常，肺动脉内径增宽，大动脉位置关系正常。降主动脉与肺动脉分叉偏左侧之间可见宽约 mm，长约mm的交通管道。包及心包腔未见明显异常。
M:二尖瓣前后叶逆向运动，曲线呈双峰。主动脉主波正常，重博波可见。
CDFI TDI:室壁运动加速正常。房室间隔未见过膈血流。
Vmax：m/s，各瓣口未见明显返流血彩。主、肺 缩期蓝色层流，流速正常，降主动脉与肺动脉分叉偏左侧之间交通管道内可见为主的花色血彩沿肺动脉主干外侧壁上行，呈连续频谱，Vmax：m/s（收缩期）Vmax：m/s（舒张期）。,动脉导管未闭。,3,0,心脏疾病,UIS,3,DMDGWB,NULL,NULL,NULL
130,二尖瓣机械瓣瓣膜置换术后,超声,二尖瓣机械瓣换瓣术后：各房室大小正常，房室间隔连续，室壁不厚，运动协调/不协调/欠协调。二尖瓣瓣位可见机械瓣回声，瓣架固定，瓣叶活动可，余瓣膜成分清晰，启闭自如。升主动脉内径正常，肺动脉内径正常，大动脉位置关系正常。心包及心包腔未见明显异常。
M:主动脉主波正常，重博波可见。
CDFI TDI:室壁运动加速正常/不同步/欠同步，室间隔未见过膈血流。人工二尖瓣口舒张期可探及射流，Vmax：m/s，压差半降时间法估测有效瓣口面积约cm，各瓣口未见明显返流血彩。主、肺动脉收缩期蓝色层流，流速正常。,二尖瓣机械瓣瓣膜置换术后。,3,0,心脏疾病,UIS,3,EJBJXBBMZHSH,NULL,NULL,NULL
131,心梗、室壁瘤形成,超声,各房室大小正常，房间隔连续，室间隔上部可见“风袋样”结构，向心脏轮廓外突起，范围约x mm，运动明显减弱，不协调，呈“矛盾运动”。各瓣膜成分清晰，启闭自如。升主动脉内径正常，肺动脉内径正常，大动脉位置关系正常。心包及心包腔未见明显异常。
M:二尖瓣前后叶逆向运动，曲线呈双峰。
CDFI TDI:室壁运动加速不同步。左室壁运动加速减慢。各瓣口未见明显返流血彩。主、肺动脉收缩期蓝色层流，流速正常。,室壁运动异常，室壁瘤形成。,3,0,心脏疾病,UIS,3,XG、SBLXC,NULL,NULL,NULL
132,三尖瓣下移畸形,超声,右房及房化右室明显增大，大小约xmm，功能右室缩短，大小约xmm，左心大小正常，三尖瓣后瓣及膈瓣根部距二尖瓣根部附着点分别约mm、mm，瓣叶开放可，关闭有裂，余瓣膜成分清晰，启闭可。房室间隔连续不断，室壁不厚，升主动脉内径正常，肺动脉内径正常，大动脉位置关系正常。心包及心包腔未见明显异常。
M:二尖瓣前后叶逆向运动，曲线呈双峰。主动脉主波正常，重博波可见。
CDFI&TDI:室壁运动加速不同步。房室间隔未见过膈血流。三尖瓣口可见宽束返流血彩，达右房底部，Vmax：m/s，余瓣口未见明显返流血彩。主、肺动脉收缩期蓝色层流，流速正常。,三尖瓣下移畸形。,3,0,心脏疾病,UIS,3,SJBXYJX,NULL,NULL,NULL
133,主动脉瓣二叶化畸形,超声,各房室大小正常，房室间隔连续，室壁不厚，运动不协调。主动脉瓣仅见二叶瓣，关闭时“Y”字形结构消失，呈“1”字形，开放可/受限，余瓣膜成分清晰，启闭自如。升主动脉内径正常，肺动脉内径增宽，大动脉位置关系正常。包及心包腔未见明显异常。
M:二尖瓣前后叶逆向运动，曲线呈双峰。主动脉主波正常，重博波可见。
CDFI&TDI:室壁运动加速正常。房室间隔未见过膈血流。各瓣口未见明显返流血彩。主、肺动脉缩期蓝色层流，流速正常。,主动脉瓣二叶化畸形。,3,0,心脏疾病,UIS,3,ZDMBEYHJX,NULL,NULL,NULL
134,甲状腺结节-3类,超声,甲状腺双侧叶形态规则，大小正常，表面光滑，包膜完整，内部回声均匀，左/右侧叶内可见低/混合回声结节，大小约 x mm，形态规则，边界清晰，内部回声欠均匀。
CDFI:甲状腺结节内未见明显血流信号/周边见点状血流信号。
双侧颈部未见明显肿大淋巴结。,甲状腺左/右侧叶结节，TI-RADS 3类。 
双侧颈部未见明显肿大淋巴结回声。
,2,0,甲状腺疾病,UIS,0,JZXJJ-3L,NULL,NULL,NULL
136,附件区囊肿,超声,左侧/右侧附件区可见无回声区，壁薄，内壁光滑，内透声可，后壁回声增强，大小约 x mm。,左侧/右侧附件区囊肿。,2,0,子宫、附件,UIS,0,FJQNZ,NULL,NULL,NULL
137,乳腺导管扩张,超声,左/右侧乳腺局部导管扩张，较宽处约mm。,左/右侧乳腺导管扩张。,5,0,乳腺疾病,UIS,5,RXDGKZ,NULL,NULL,NULL
138,甲状腺体积增大,超声,甲状腺双侧叶形态饱满，体积增大，左侧叶大小约xxmm，右侧叶大小约xxmm，峡部厚约mm，表面光滑，实质回声分布均匀，内未见明显结节及占位回声。
CDFI:甲状腺内可见丰富血流信号/甲状腺内未见明显异常血流信号。
双侧颈部未见明显肿大淋巴结回声。
,甲状腺双侧叶体积增大。
双侧颈部未见明显肿大淋巴结声像。,1,0,甲状腺疾病,UIS,0,JZXTJZD,NULL,NULL,NULL
139,椎动脉内径狭窄,超声,"双侧椎动脉内径不对称，右侧椎动脉内径 mm，左侧椎动脉内径 mm，椎动脉局部走行正常,形态规则，内壁光滑，内未见斑块、增厚、扩张及其他异常回声。
CDFI：双侧椎动脉血流速度正常，内血彩未见充盈缺损。
",双侧椎动脉内径对称/不对称。
左/右侧椎动脉内径稍窄/先天性椎动脉纤细/先天性狭窄。,0,0,颈动脉疾病,UIS,2,ZDMNJXZ,NULL,NULL,NULL
141,肾上腺皮质增生,超声,左、右肾上腺处多断面超声扫查，两侧肾上腺弥漫性增大，厚度明显增加，形态饱满，内部呈均匀的弱回声，未见明显其他异常声像。,两侧肾上腺弥漫性肿大，考虑肾上腺皮质增生。,2,0,双肾,UIS,9,SSXPZZS,NULL,NULL,NULL
142,肾上腺嗜铬细胞瘤,超声,左侧肾上腺处超声扫查，可见大小约 x mm 的肿块声像，形状呈圆形，边界清楚明亮，光滑整齐，内部为均匀的点状低回声肿块与肾包膜回声构成“海鸥征”。,左侧肾上腺处实质性占位病变，性质待查，考虑嗜铬细胞瘤。,2,0,双肾,UIS,9,SSXSGXBL,NULL,NULL,NULL
143,双侧肾上腺正常（附二）,超声,双侧肾上腺部位多切面超声扫查，未见明显肿块结节声像。,双侧肾上腺：未见明显异常。,0,0,双肾,UIS,9,SCSSXZC（FE）,NULL,NULL,NULL
144,双侧颈动脉硬化,超声,双侧颈总动脉及颈内外动脉起始段走行正常，管壁增厚，内膜面欠光滑，内膜回声增强，内-中膜较厚处约mm(左)、mm（右），其内未见明显异常。
双侧颈内静脉脉走形正常，管壁不厚，血管腔内径正常，其内未见明显异常声像。
双侧椎动脉走形正常，管壁不厚，血管腔内径正常，其内未见明显异常声像。
CDFI：双侧颈总动脉及颈内外动脉起始段管腔内血流连续，边缘不规则，附壁强光团处可见血流充盈缺损，多普勒频谱三相波消失/存在。
      双侧颈内静脉官腔内血流连续，边缘规则。双侧椎动脉管腔内血流连续，边缘规则。
      双侧椎动脉频谱测值如下：
          D（mm）       Vmax（cm/s）     Vmin(cm/s)          RI
右侧椎动脉
左侧椎动脉  ,双侧颈动脉硬化。,2,0,颈动脉疾病,UIS,6,SCGDMYH,NULL,NULL,NULL
145,正常颈部淋巴结（单独）,超声,双侧颈部未见明显淋巴结回声。,,0,张荣森,正常甲状腺、颈动脉、乳腺,UIS,0,ZCGBLBJ（DD）,NULL,NULL,NULL
148,颈动脉斑块形成(6根）,超声,双侧颈动脉（颈总、颈内、颈外动脉）走行正常，内膜面毛糙，内-中膜局部非均质性增厚，较厚处分别约  mm（左）、 mm（右），左/右侧颈动脉膨大处、窦部后壁/前壁/内侧壁、分叉处、主干，颈内动脉起始部内可见低/等/强/不均质回声斑块，大小约 x mm。
CDFI：上述颈动脉斑块处可见血彩充盈缺损，余颈动脉各段血流充盈好，血流速度正常。
双侧锁骨下动脉走行正常，内径对称，形态规则，内壁光滑，内未见斑块、狭窄、扩张及其他异常回声。
CDFI：双侧锁骨下动脉血流速度正常，内血彩未见充盈缺损。,左/右侧颈动脉硬化并斑块形成。
,0,0,颈动脉疾病,UIS,6,GDMBKXC(6G）,NULL,NULL,NULL
149,双乳小叶增生1类（淋巴结）,超声,双乳组织增厚、增粗，回声分布不均，见多个粗大点片状低回声区，呈“豹纹征”，内未见明显肿块声像。
CDFI：双乳内未见明显异常血流信号。
双侧腋窝未见明显肿大淋巴结声像。,双侧乳腺未见占位性病变，BI-RADS 1类。
双侧腋窝未见明显肿大淋巴结。,1,0,乳腺疾病,UIS,0,SRXYZS1L（LBJ）,NULL,NULL,NULL
150,腋窝淋巴结正常,超声,双侧腋窝未见明显肿大淋巴结声像。,双侧腋窝未见明显肿大淋巴结。,2,0,乳腺疾病,UIS,0,YWLBJZC,NULL,NULL,NULL
151,腋窝淋巴结异常,超声,左/右侧腋窝可见低回声结节，大小约 x mm，形态规则，边界清，门样结构存在/消失。
CDFI：结节内未见明显异常血流信号。,左/右侧腋窝低回声结节，考虑淋巴结。,2,0,乳腺疾病,UIS,0,YWLBJYC,NULL,NULL,NULL
153,,,,,6,0,,UIS,0,,NULL,NULL,NULL
155,胆囊息肉样病变（单发）,超声,胆囊大小形态正常，壁欠光滑，内见附壁稍高回声结节，大小约xmm，无声影，改变体位不移动，胆总管上段内径正常。,胆囊息肉样病变。,1,0,胆囊,UIS,9,DNXRYBB（DF）,NULL,NULL,NULL
156,以脂肪为主型乳腺（1类）,超声,双乳脂肪组织增厚，腺体增粗，回声分布不均，见多个粗大点片状低回声区，呈“豹纹征”。
CDFI：双乳内未见明显异常血流信号。
双侧腋窝未见明显肿大淋巴结声像。,以脂肪为主型乳腺，未见明显肿块，BI-RADS 1类。
双侧腋窝未见明显肿大淋巴结。,1,0,乳腺疾病,UIS,5,YZFWZXRX（1L）,NULL,NULL,NULL
157,甲状腺体积缩小,超声,甲状腺双侧叶形态失常，体积缩小，左侧叶大小约xxmm，右侧叶大小约xxmm，峡部厚约mm，表面光滑，实质回声分布均匀，内未见明显结节及占位回声。
CDFI:甲状腺内血流信号减少/甲状腺内未见明显异常血流信号。
双侧颈部未见明显肿大淋巴结回声。,甲状腺体积缩小。
双侧颈部未见明显肿大淋巴结声像。,1,0,甲状腺疾病,UIS,0,JZXTJSX,NULL,NULL,NULL
160,胆囊毛糙,,胆囊内径正常，壁稍毛糙，呈折叠状，透声可，胆囊内未见明显异常回声。,,0,0,,UIS,0,DNMC,NULL,NULL,NULL
162,淋巴结肿大。（陈）,,左/右/双侧颈部可见低回声结节，大小约。,左/右/双侧颈部低回声结节，考虑淋巴结。,0,0,,UIS,0,LBJZD。（C）,NULL,NULL,NULL
164,颈动脉血流异常模板,超声,双侧颈动脉（颈总、颈内、颈外动脉）走形正常，内-中膜不均匀增厚，双侧管腔内探及多发大小不等，回声不均斑块，右侧最大者位于，其大小约x mm：左侧最大者位于，其大小约x mm。狭窄处内径  mm。
CDFI：颈动脉血流充盈好，狭窄处血流速度  cm/s。
双侧锁骨下动脉走行正常，内径对称，形态规则，内壁光滑，内未见斑块、狭窄、扩张及其他异常回声。
CDFI：双侧锁骨下动脉血流速度正常，内血彩未见充盈缺损。
,颈总/颈内/颈外动脉狭窄（轻/中/重）。,1,0,颈动脉疾病,UIS,2,GDMXLYCMB,NULL,NULL,NULL
166,ABUS,超声,123,123,0,0,ABUS,UIS,4,ABUS,NULL,NULL,NULL
167,双侧乳腺增生,超声,乳腺容积图像位置、深度和分辨率合格，未见伪像。
乳头:乳头呈均匀低回声，边界清楚，形态规则。
皮肤:呈连续平滑带状高回声，厚约1mm-2mm。
皮下组织:结构清晰，脂肪组织层低回声，cooper韧带呈条索状高回声，牵拉乳腺小叶穿过脂肪层与皮肤浅层筋膜相连，后方伴声影。
腺体:双侧乳腺组织呈不均匀腺体型，双侧乳腺组织结构紊乱，回声增强增粗。双侧乳腺导管未见明显扩张。
双侧乳腺二维及冠状面未见明显肿块回声。
肌层:胸大肌和胸小肌呈均匀低回声，其内可见高回声肌筋膜，筋膜连续光滑。
,双侧乳腺声像 考虑 BI-RADS 1类,0,0,ABUS,UIS,4,SCRXZS,NULL,NULL,NULL
168,乳腺囊肿（单侧）,超声,乳腺容积图像位置、深度和分辨率合格，未见伪像。
乳头:乳头呈均匀低回声，边界清楚，形态规则。
皮肤:呈连续平滑带状高回声，厚约1mm-2mm。
皮下组织:结构清晰，脂肪组织层低回声，cooper韧带呈条索状高回声，牵拉乳腺小叶穿过脂肪层与皮肤浅层筋膜相连，后方伴声影。
腺体: 乳 点距乳头mm可见一个无回声区，大小约mm×mm×mm，边缘规整，形态规则，内透声尚可，后方回声增强。
双侧乳腺二维及冠状面未见明显实性肿块回声。
肌层:胸大肌和胸小肌呈均匀低回声，其内可见高回声肌筋膜，筋膜连续光滑。, 乳无回声区BI-RADS 2类(考虑乳腺囊肿),0,0,ABUS,UIS,4,RXNZ（DC）,NULL,NULL,NULL
169,乳腺囊肿（双侧）,超声,乳腺容积图像位置、深度和分辨率合格，未见伪像。
乳头:乳头呈均匀低回声，边界清楚，形态规则。
皮肤:呈连续平滑带状高回声，厚约1mm-2mm。
皮下组织:结构清晰，脂肪组织层低回声，cooper韧带呈条索状高回声，牵拉乳腺小叶穿过脂肪层与皮肤浅层筋膜相连，后方伴声影。
腺体:双侧乳腺内可见数个无回声区，范围约mm×mm ；边缘规整，形态规则，后方回声增强，其中较大者大小及位置分别约mm×mm×mm( 乳  点距乳头mm)，mm×mm×mm( 乳 点距乳头mm)。
双侧乳腺二维及冠状面未见明显实性肿块回声。
肌层:胸大肌和胸小肌呈均匀低回声，其内可见高回声肌筋膜，筋膜连续光滑。
,双乳多发无回声区BI-RADS 2类(考虑乳腺多发囊肿声像)
,0,0,ABUS,UIS,4,RXNZ（SC）,NULL,NULL,NULL
170,乳腺增生结节,超声,乳腺容积图像位置、深度和分辨率合格，未见伪像。
乳头:乳头呈均匀低回声，边界清楚，形态规则。
皮肤:呈连续平滑带状高回声，厚约1mm-2mm。
皮下组织:结构清晰，脂肪组织层低回声，cooper韧带呈条索状高回声，牵拉乳腺小叶穿过脂肪层与皮肤浅层筋膜相连，后方伴声影。
腺体:双乳可见数个低回声结节，范围约mm-mm，较大者大小分别约mm×mm×mm
( 乳  点距乳头mm)，mm×mm×mm( 乳 点距乳头mm)，平行生长，边缘欠规整，内回声尚均匀。冠状边缘模糊。
双侧乳腺二维及冠状面未见明显肿块回声。
肌层:胸大肌和胸小肌呈均匀低回声，其内可见高回声肌筋膜，筋膜连续光滑。,双乳低回声结节BI-RADS 3类(考虑增生结节可能)
,0,0,ABUS,UIS,4,RXZSJJ,NULL,NULL,NULL
171,纤维腺瘤（单侧）,超声,乳腺容积图像位置、深度和分辨率合格，未见伪像。
乳头:乳头呈均匀低回声，边界清楚，形态规则。
皮肤:呈连续平滑带状高回声，厚约1mm-2mm。
皮下组织:结构清晰，脂肪组织层低回声，cooper韧带呈条索状高回声，牵拉乳腺小叶穿过脂肪层与皮肤浅层筋膜相连，后方伴声影。
腺体: 乳 点距乳头mm可见低回声结节，大小约mm×mm×mm，边缘规整，形态规
则，平行生长，内回声尚均匀，未见点状强回声，后方回声稍增强。冠状面边缘规整。
左/右乳腺二维及冠状面未见明显实性肿块回声。
肌层:胸大肌和胸小肌呈均匀低回声，其内可见高回声肌筋膜，筋膜连续光滑。
, 乳低回声结节，BI-RADS 3类(考虑纤维腺瘤可能),0,0,ABUS,UIS,4,XWXL（DC）,NULL,NULL,NULL
172,纤维腺瘤（双侧）,超声,乳腺容积图像位置、深度和分辨率合格，未见伪像。
乳头:乳头呈均匀低回声，边界清楚，形态规则。
皮肤:呈连续平滑带状高回声，厚约1mm-2mm。
皮下组织:结构清晰，脂肪组织层低回声，cooper韧带呈条索状高回声，牵拉乳腺小叶穿过脂肪层与皮肤浅层筋膜相连，后方伴声影。
腺体:双侧乳腺内可见数个低回声结节，范围约mm-mm，边缘规整，形态规则，平行生长，内回声尚均匀，未见点状强回声，后方回声稍增强，其中较大者大小及位置分别约:mm×mm×mm(  乳 点距乳头mm)、mm×mm×mm(  乳 点距乳头mm)。冠状面边缘规整。
左/右乳腺二维及冠状面未见明显实性肿块回声。
肌层:胸大肌和胸小肌呈均匀低回声，其内可见高回声肌筋膜，筋膜连续光滑。
,双乳多发低回声结节，BI-RADS3类(考虑纤维腺瘤可能),0,0,ABUS,UIS,4,XWXL（SC）,NULL,NULL,NULL
173,乳腺4c类肿块,超声,乳腺容积图像位置、深度和分辨率合格，未见伪像。
乳头:乳头呈均匀低回声，边界清楚，形态规则。
皮肤:呈连续平滑带状高回声，厚约1mm-2mm。
皮下组织:结构清晰，脂肪组织层低回声，cooper韧带呈条索状高回声，牵拉乳腺小叶穿过脂肪层与皮肤浅层筋膜相连，后方伴声影。
腺体:乳 点距乳头mm处见一低回声肿块，大小约mm×mm×mm，形态不规则，边缘不规整，呈毛刺状，局部成角变形，纵向生长，内回声不均匀，可见散在点状高回声，后方回声衰减。冠状面呈“汇聚征”。
余乳腺二维及冠状面未见明显肿块回声。
肌层:胸大肌和胸小肌呈均匀低回声，其内可见高回声肌筋膜，筋膜连续光滑。, 乳 点位实性低回声肿块，BI-RADS 4c类,0,0,ABUS,UIS,4,RX4CLZK,NULL,NULL,NULL
174,腋窝淋巴结异常模板（陈）,超声,左/右侧腋窝可见一大小约 x mm低回声结节。
CDFI：结节内未见明显异常血流信号/结节周边可见点状血流信号。,左/右侧腋窝低回声结节，考虑淋巴结。,5,0,乳腺疾病,UIS,0,YWLBJYCMB（C）,NULL,NULL,NULL
175,乳腺结节（陈）,超声,双侧乳腺切面形态轮廓正常，层次清楚，边界光滑完整，内部回声分布均匀，左乳/右乳 点距乳头约mm、距体表约mm处可探及一低回声结节，大小约xmm，形态规则，边界清晰，内部回声欠均匀，左乳/右乳内未见明显结节及包块声像。
CDFI：结节内未见明显血流信号/结节周边可见点状血流信号。
双侧腋窝未见明显肿大淋巴结声像。,左乳/右乳低回声结节，BI-RADS  类。 
双侧腋窝未见明显肿大淋巴结声像。,0,0,乳腺疾病,UIS,0,RXJJ（C）,NULL,NULL,NULL
176,颈部淋巴结肿大（陈）,超声,颈部左/右/两侧可见低回声结节，大小约。
CDFI：结节内无异常血流信号/结节周边可见点状血流信号。
,颈部左/右/两侧低回声结节，考虑淋巴结。,6,0,正常甲状腺、颈动脉、乳腺,UIS,0,GBLBJZD（C）,NULL,NULL,NULL
179,部分淋巴结增大（陈）,超声,颈部左/右/两侧可见多个低回声结节，较大者位于左/右侧，大小约xmm。
CDFI：结节内无异常血流信号/结节周边可见点状血流信号。
,颈部左/右/两侧部分淋巴结稍大。,6,0,正常甲状腺、颈动脉、乳腺,UIS,0,BFLBJZD（C）,NULL,NULL,NULL
180,双侧精囊腺稍大（陈）,超声,双侧精囊腺形态饱满，体积稍大，回声均匀，左侧厚约mm，右侧厚约mm。,双侧精囊腺稍大。,2,0,前列腺,UIS,1,SCJNXSD（C）,NULL,NULL,NULL
181,右侧锁骨下动脉斑块形成,超声,右侧锁骨下动脉起始处可见  回声斑块，大小约xmm。
CDFI：上述斑块处可见血彩充盈缺损，余管腔内血流充盈好，血流速度正常。

,右侧锁骨下动脉斑块形成。,0,0,颈动脉疾病,UIS,2,YCSGXDMBKXC,NULL,NULL,NULL
182,颈部淋巴结（异常）,超声,左/右/双侧颈部可见低回声结节，大小约 x mm，形态规则，边界清，内回声均匀。
CDFI：结节内无异常血流信号。
,左/右/双侧颈部低回声结节，考虑淋巴结。,1,0,颈动脉疾病,UIS,6,GBLBJ（YC）,NULL,NULL,NULL
184,膀胱,超声,膀胱欠充盈，内部结构显示不清。,,2,0,前列腺,UIS,1,BG,NULL,NULL,NULL
185,甲状腺全切术后,超声,受检者自述甲状腺已切除。
甲状腺区未探及正常甲状腺组织回声。
双侧颈部未见明显肿大淋巴结。,甲状腺全切术后。
双侧颈部未见明显肿大淋巴结。,1,0,甲状腺疾病,UIS,0,JZXQQSH,NULL,NULL,NULL
186,宫内单活胎声像,超声,子宫形态饱满，体积增大，宫腔内可见一胎儿声像，胎动及胎心搏动可见。,宫内妊娠单活胎。,0,0,正常胎儿模版,UIS,3,GNDHTSX,NULL,NULL,NULL
187,胆囊多发息肉，考虑胆固醇结晶（陈）,超声,胆囊大小形态正常，壁欠光滑，内见多个附壁稍高回声结节，无声影，不随体位改变而移动，较大约xmm，胆总管上段内径正常。,胆囊多发息肉样病变，考虑胆固醇结晶。,4,0,胆囊,UIS,4,DNDFXR，KLDGCJJ（C）,NULL,NULL,NULL
188,椎动脉细窄、不对称（陈）,超声,左/右侧椎动脉走行正常，左/右侧椎动脉内径约mm，形态规则，内壁光滑，内未见斑块、增厚、狭窄、扩张及其他异常回声。
CDFI：双侧椎动脉内血彩未见充盈缺损，血流速度  cm/s。
,左右椎动脉内径对称/不对称。
左/右椎动脉稍窄/先天性纤细/先天性狭窄。
,1,0,颈动脉疾病,UIS,4,ZDMXZ、BDC（C）,NULL,NULL,NULL
189,心动过缓,,HR：次/分,心动过缓。,0,0,,UIS,0,XDGH,NULL,NULL,NULL
190,心动过缓,超声,HR:次/分,心动过缓。,1,0,心脏疾病,UIS,0,XDGH,NULL,NULL,NULL
191,盆腔积液,超声,子宫直肠窝可见范围约 x mm液性暗区。,盆腔积液。,0,0,子宫、附件,UIS,0,PQJY,NULL,NULL,NULL
192,宫颈管积液,超声,宫颈管内可见宽约mm液暗区。,宫颈管积液。,1,0,子宫、附件,UIS,0,GGGJY,NULL,NULL,NULL
193,巧克力囊肿,超声,左侧/右侧卵巢可见无回声结节，形态规则，边界清，内透声差，可见细密点状回声，大小约 x mm。,左侧/右侧卵巢无回声结节，考虑巧克力囊肿。,1,0,子宫、附件,UIS,0,QKLNZ,NULL,NULL,NULL
194,前列腺增生,超声,前列腺大小约 xx mm，形态饱满，实质回声欠均匀，内未见明显包块回声。,前列腺增生。,1,0,前列腺,UIS,1,QLXZS,NULL,NULL,NULL
195,甲状腺实质性结节（CH）,超声,甲状腺双侧叶形态规则，大小正常，表面光滑，包膜完整，内部回声均匀；左/右侧叶上/中/下部可见低回声结节，大小约 x mm，形态规则，边缘清晰，内部回声欠均匀。
CDFI:甲状腺结节内无明显血流信号/周边见点状血流信号。
双侧颈部未见明显肿大淋巴结。,甲状腺左/右侧叶实质性结节，TI-RADS 3类。 
双侧颈部未见明显肿大淋巴结回声。,5,0,甲状腺疾病,UIS,0,JZXSZXJJ（CH）,NULL,NULL,NULL
196,TDI：E＞A（陈）,超声,CDFI:E＜A  TDI:E＞A。  ,"CDFI:E＜A  TDI:E＞A,请结合临床。  ",2,0,心脏疾病,UIS,0,TDI：E＞A（C）,NULL,NULL,NULL
197,双肾结石,超声,双肾集合系内均可见强回声团，伴声影，其大小分别约 x mm（左肾）、 x mm（右肾），无液性暗区。
,双肾结石。,1,0,双肾,UIS,10,SSJS,NULL,NULL,NULL
198,双肾囊肿,超声,双肾实质内均可见无回声区，壁薄，后壁回声增强，内透声可，其大小分别约 x mm（左肾）、 x mm（右肾）。,双肾囊肿。,1,0,双肾,UIS,10,SSNZ,NULL,NULL,NULL
199,结石或钙化灶,超声,肾内见一强回声点，后伴声影，大小约 x mm。,肾强回声点，考虑结石或钙化灶。,1,0,双肾,UIS,9,JSHGHZ,NULL,NULL,NULL
201,肠气干扰（显示不清）,超声,受大量肠气干扰，部分切面显示不清。所示切面：,,1,0,腹部(肝胆胰脾双肾输尿管）,UIS,0,CQGR（XSBQ）,NULL,NULL,NULL
202,宫腔积液,超声,宫腔内可见宽约mm液性暗区。,宫腔积液。,0,0,子宫、附件,UIS,0,GQJY,NULL,NULL,NULL
203,宫内早孕,超声,"子宫前位，形态规则，大小正常，实质回声均匀，宫腔内可见大小约 x mm孕囊声像，内可见卵黄囊及胚芽组织，长约mm,原始心管搏动可见。",宫内早孕。,1,0,子宫、附件,UIS,0,GNZY,NULL,NULL,NULL
204,颈+椎+锁骨下动脉正常,超声,双侧颈动脉（颈总动脉、颈内动脉、颈外动脉）、锁骨下动脉走行正常，内膜光滑，内-中膜无增厚，未见明显狭窄及扩张，管腔内无明显斑块回声。
CDFI：双侧颈动脉、锁骨下动脉内血彩未见充盈缺损，未见明显异常血流信号。

双侧椎动脉走行正常，内径对称，形态规则，内壁光滑，内未见斑块、狭窄、扩张及其他异常回声。
CDFI：双侧椎动脉血流速度正常，椎动脉内血彩未见充盈缺损。,双侧颈总动脉、颈内动脉、颈外动脉、锁骨下动脉未见明显异常声像。
双侧椎动脉未见明显异常声像。,0,0,正常甲状腺、颈动脉、乳腺,UIS,0,G+Z+SGXDMZC,NULL,NULL,NULL
205,胆囊胆固醇结晶（陈）,超声,胆囊大小形态正常，壁欠光滑，内见附壁稍高回声结节，大小约xmm，无声影，改变体位不移动，胆总管上段内径正常。,胆囊息肉样病变，考虑胆固醇结晶。,3,0,胆囊,UIS,8,DNDGCJJ（C）,NULL,NULL,NULL
206,子宫切口假腔,超声,子宫前壁切口处可见不规则暗区，范围约xmm，与宫腔相通。,子宫前壁切口处不规则暗区，考虑切口假腔。,0,0,子宫、附件,UIS,0,ZGQKJQ,NULL,NULL,NULL
207,乳腺结节（无回声）,超声,双侧乳腺切面形态轮廓正常，层次清楚，边界光滑完整，内部回声分布均匀，左乳/右乳  点可探及一无回声结节，大小约 x mm，形态规则，边界清晰，内透声可。
CDFI：结节内未见明显血流信号。
双侧腋窝未见明显肿大淋巴结声像。,左乳/右乳无回声结节，BI-RADS  2类。
双侧腋窝未见明显肿大淋巴结声像。,1,0,乳腺疾病,UIS,0,RXJJ（WHS）,NULL,NULL,NULL
208,副乳,超声,左/右侧腋窝可见范围约 x mm低回声区，类似乳腺组织声像。,左/右侧腋窝低回声区，考虑副乳。,5,0,乳腺疾病,UIS,0,FR,NULL,NULL,NULL
209,正常肾动脉模板,超声,双肾形态规则，左肾大小约xmm，右肾大小约xmm，实质回声低于同水平肝脾；双肾集合系统无分离，内未见异常声像。
双侧肾上腺区未见明显异常。
肾动脉走形正常、腹主动脉走形正常，所示节段未见明显节段性扩张及狭窄，肾动脉起始段内径分别约右mm，左mm。
腹主动脉见多发强回声斑块，较大者约xmm。
CDFI：腹主动脉PSV   cm/s，肾动脉血流充盈可，未见明显充盈缺损，其血流测值如下：
                   左侧                                 右侧
            Vs（cm/s）  Vd（cm/s)     RI        Vs(cm/S)     Vd(cm/s)    RI
主肾动脉
段动脉
叶间动脉
,双肾、双肾动脉及腹主动脉血流测值正常范围。,3,0,双肾,UIS,7,ZCSDMMB,NULL,NULL,NULL
210,宫内妊娠单活胎1,超声,子宫增大，宫腔内可见一胎儿声像，可见胎动及胎心搏动。,宫内妊娠单活胎。,1,0,子宫、附件,UIS,0,GNRSDHT1,NULL,NULL,NULL
211,子宫内膜息肉样病变,超声,宫腔内可见一大小约xmm稍高回声结节，形态规则，边界清，内回声欠均匀。
CDFI:结节内未见明显血流信号/可见线状血流信号与肌壁相连血流。,宫腔内稍高回声结节，考虑内膜息肉样病变。,0,0,子宫、附件,UIS,0,ZGNMXRYBB,NULL,NULL,NULL
212,肾柱肥大,超声,肾集合系统与实质之间可见一大小约 x mm的等回声结节，与肾实质相连无明显分界。
CDFI:结节内未见明显血流信号/周边可见点条状血流信号。
,肾集合系统内声像，考虑：肾柱肥大。
,1,0,双肾,UIS,6,SZFD,NULL,NULL,NULL
213,房间隔封堵术后,超声,右心房室较术前回缩，左心大小正常，左室壁厚度正常，运动正常，房间隔连续完整，可探及封堵器回声，位置固定，与周围组织连续紧密，室间隔连续完整，各瓣膜形态结构、启闭大致正常。心包及心包腔未见明显异常。
M:二尖瓣前后叶逆向运动，曲线呈双峰。主动脉主波正常，重博波可见。
CDFI:E＜A  E＞A  房间隔未见过膈血流。房间膈水平分流消失，三尖瓣口→于右房侧收缩期可见以蓝色为主的返流信号，Vmax：m/s。余瓣膜口未见明显返流血彩。
心功能：EF：%  FS：% 

,先天性心脏病。
房间隔封堵术后。
房间膈水平分流消失。,2,0,心脏疾病,UIS,3,FJGFDSH,NULL,NULL,NULL
214,肾结石CH,超声,左肾/右肾上/中/下盏可见一强回声点，后伴声影，大小约 x mm，无液性暗区。,左肾/右肾结石。 ,1,0,双肾,UIS,6,SJSCH,NULL,NULL,NULL
215,肝内胆管积气,超声,右肝前叶/右肝后叶，左肝内叶/左肝外叶见沿胆管分布的强光带，后伴彗尾征，范围约 x mm。,肝内胆管积气。,0,0,肝脏,UIS,6,GNDGJQ,NULL,NULL,NULL
216,肝内胆管部分泥沙结石部分积气,超声,左肝/右肝内见沿胆管分布的多条强回声带，部分伴声影，范围约 x mm，部分后伴彗尾征，范围约 x mm。,肝内胆管部分泥沙结石，部分积气。,0,0,肝脏,UIS,6,GNDGBFNSJSBFJQ,NULL,NULL,NULL
217,胆囊结石嵌顿并胆囊肿大,超声,胆囊增大，大小约mm，壁欠光滑，胆囊颈部似可见/可见一强光团，大小约，不随体位改变移动，胆总管上段内径正常/增宽，宽约mm。,胆囊颈部结石嵌顿并胆囊肿大、胆囊炎。,0,0,胆囊,UIS,109,DNJSQDBDNZD,NULL,NULL,NULL
218,脂肪肝,超声,"肝脏形态大小正常，表面光滑, 实质回声分布欠均匀,近场回声增强，远场回声衰减，肝内管系显示欠清。",脂肪肝。,0,0,肝脏,UIS,6,ZFG,NULL,NULL,NULL
219,甲状腺单结节模板,超声,左/右侧叶内可见低/混合回声结节，形态规则，边界清晰，内部回声欠均匀，大小约 x mm。
CDFI：甲状腺结节内未见明显血流信号。,甲状腺左/右侧叶结节，TI-RADS 3类。 ,1,0,甲状腺疾病,UIS,1,JZXDJJMB,NULL,NULL,NULL
220,甲状腺无回声结节（多发）,超声,甲状腺双侧叶形态规则，大小正常，表面光滑，包膜完整，内部回声均匀，左/右侧叶内可见多个无回声结节，形态规则，边界清晰，内透声可，其一大小约 x mm。
CDFI:甲状腺结节内未见明显血流信号。
双侧颈部未见明显肿大淋巴结。,甲状腺左/右侧叶多发结节，TI-RADS 2类。 
双侧颈部未见明显肿大淋巴结回声。,2,0,甲状腺疾病,UIS,0,JZXWHSJJ（DF）,NULL,NULL,NULL
221,建议憋尿复查（女）,超声,（建议憋尿复查或腔内超声检查，自行放弃检查）,,1,0,腹部(肝胆胰脾双肾输尿管）,UIS,0,JYBNFC（N）,NULL,NULL,NULL
222,颈部淋巴结异常,超声,左/右侧颈部可见低回声结节，大小约 x mm，形态规则/不规则，边界清/欠清/不清，淋巴门样结构存在/消失。
CDFI：结节内未见明显异常血流信号。
,左/右侧颈部低回声结节，考虑淋巴结。,0,0,甲状腺疾病,UIS,0,GBLBJYC,NULL,NULL,NULL
223,建议憋尿复查（男）,超声,膀胱无尿，膀胱及前列腺显示不清。（建议憋尿复查，自行放弃检查）,,1,0,腹部(肝胆胰脾双肾输尿管）,UIS,0,JYBNFC（N）,NULL,NULL,NULL
224,甲状腺低-无回声结节-陈,超声,甲状腺双侧叶形态规则，大小正常，表面光滑，包膜完整，内部回声均匀，左侧叶/右侧叶内可见一低-无回声结节，形态规则，边界清晰，内部回声欠均匀，纵横比大于/小于1，有/无细小钙化，大小约 x mm。
CDFI:甲状腺结节内无明显血流信号。
双侧颈部未见明显肿大淋巴结回声。,甲状腺左/右侧叶低-无回声结节，TI-RADS 2-3类。
双侧颈部未见明显肿大淋巴结回声。,0,0,甲状腺疾病,UIS,0,JZXD-WHSJJ-C,NULL,NULL,NULL
225,甲状腺实质弥漫性病变,超声,甲状腺双侧叶切面形态规则，表面光滑，大小正常，实质点状回声增粗、增强，分布不均匀，内见多个片状低回声区。
CDFI：甲状腺内无异常血流信号。
双侧颈部未见明显肿大淋巴结声像。

,甲状腺实质弥漫性病变，请结合临床及实验室检查。
双侧颈部未见明显肿大淋巴结声像。,0,0,甲状腺疾病,UIS,0,JZXSZMMXBB,NULL,NULL,NULL
226,肝内低回声区 考虑脂肪沉积,超声,胆囊窝旁可见一大小约 x mm低回声区，形态欠规则，边界清，回声欠均匀。,肝内低回声区，性质待定，考虑脂肪沉积。,0,0,肝脏,UIS,6,GNDHSQ KLZFCJ,NULL,NULL,NULL
227,气体干扰,超声,受大量气体干扰，图像质量差，于非标准切面下扫查：,气体干扰，部分切面显示不清。,2,0,正常心脏,UIS,0,QTGR,NULL,NULL,NULL
228,正常肾动脉,超声,双侧主肾动脉起始段管腔血流信号充盈可，测得频谱：
腹主动脉： Vmax： cm/s，    Vmin： cm/s    RI：
左肾动脉： Vmax： cm/s，    Vmin： cm/s    RI：  与腹主动脉比值： </>3
右肾动脉： Vmax： cm/s，    Vmin： cm/s    RI：  与腹主动脉比值： </>3,双侧主肾动脉血流未见明显异常。,0,0,双肾,UIS,7,ZCSDM,NULL,NULL,NULL
229,颈动脉正常（颈+锁骨下）,超声,双侧颈动脉（颈总动脉、颈内动脉、颈外动脉）、锁骨下动脉走行正常，内膜光滑，内-中膜未增厚，管腔内无明显斑块声像，未见明显狭窄及扩张。
CDFI：双侧颈总动脉、颈内动脉、颈外动脉、锁骨下动脉内血彩未见充盈缺损。
,双侧颈总动脉、颈内动脉、颈外动脉、锁骨下动脉未见明显异常声像。,0,0,正常甲状腺、颈动脉、乳腺,UIS,0,GDMZC（G+SGX）,NULL,NULL,NULL
230,异常肾动脉（血流速度增快）,超声,双侧主肾动脉起始段管腔血流信号充盈可，左/右侧主肾动脉局部可见五彩血流信号，测得频谱：

  左肾动脉： Vmax： cm/s，    Vmin： cm/s    RI： 
  右肾动脉： Vmax： cm/s，    Vmin： cm/s    RI： ,左/右侧主肾动脉血流速度增快，请结合临床，建议进一步检查。,2,0,双肾,UIS,7,YCSDM（XLSDZK）,NULL,NULL,NULL
231,异常肾动脉（阻力指数增高）,超声,双侧主肾动脉起始段管腔血流信号充盈可，测得频谱：

  左肾动脉： Vmax： cm/s，    Vmin： cm/s    RI： 
  右肾动脉： Vmax： cm/s，    Vmin： cm/s    RI： ,左/右侧主肾动脉阻力指数增高，请结合临床，建议进一步检查。,2,0,双肾,UIS,7,YCSDM（ZLZSZG）,NULL,NULL,NULL
232,颈部双侧淋巴结,超声,颈部两侧可见低回声结节，大小分别约 x mm（右）、x mm（左），形态规则/不规则，边界清/欠清/不清，淋巴门样结构存在/消失。。
CDFI：结节内未见明显异常血流信号。,颈部两侧低回声结节，考虑淋巴结。,0,0,甲状腺疾病,UIS,0,GBSCLBJ,NULL,NULL,NULL
233,主动脉弹性减退。,,,主动脉弹性减退。
,0,0,,UIS,0,ZDMDXJT。,NULL,NULL,NULL
234,主动脉弹性减退,超声,AO波幅低平，重博波消失。,主动脉弹性减退。
,0,0,心脏疾病,UIS,0,ZDMDXJT,NULL,NULL,NULL
235,双侧精索静脉曲张、腹股沟疝,超声,双侧睾丸上方可见迂曲管状暗区，较宽处mm（左），mm（右）。
双侧腹股沟处可见混合回声包块，大小分别约 x mm（右侧）、x mm（左侧），该混合回声包块与腹腔有通道，其通道口宽约 mm（右侧）， mm(左侧)，平卧位可回纳入腹腔。
CDFI：上述混合回声包块内未见明显异常血流信号。
,双侧/左侧/右侧精索静脉曲张。
双侧腹股沟混合回声包块  考虑腹股沟疝,1,0,睾丸,UIS,9,SCJSJMQZ、FGGS,NULL,NULL,NULL
236,附睾头囊肿,超声,右/左侧附睾头内可见无回声区，形态规则，边界清晰，内透声可，大小约xmm。,右/左侧附睾头无回声区，考虑附睾头囊肿。,0,0,睾丸,UIS,9,FGTNZ,NULL,NULL,NULL
237,肾囊肿,超声,左肾/右肾实质内可见一无回声区，壁薄，内透声可，后壁回声增强，大小约 x mm。,左肾/右肾囊肿。,0,0,双肾,UIS,10,SNZ,NULL,NULL,NULL
238,肝内低回声区 考虑非均质性脂肪肝,超声,肝内可见片状低回声区，大小约 x mm，形态不规则，边界清，回声欠均匀。,肝内声像改变，考虑非均质性脂肪肝。,0,0,肝脏,UIS,5,GNDHSQ KLFJZXZFG,NULL,NULL,NULL
239,胆囊强回声斑，考虑壁结石或胆固醇结晶。,超声,胆囊大小正常，壁光滑，透声可，内可见附壁强回声斑，伴彗尾征，大小约xmm，胆总管上段内径正常。,胆囊附壁强回声斑，考虑壁结石或胆固醇结晶。,0,0,胆囊,UIS,3,DNQHSB，KLBJSHDGCJJ。,NULL,NULL,NULL
240,子宫假腔,超声,子宫前壁下段可见积液暗区，范围约xmm，与宫腔相通，距前壁浆膜层距离约mm。,子宫下段积液暗区，考虑子宫切口憩室形成？,0,0,子宫、附件,UIS,0,ZGJQ,NULL,NULL,NULL
241,膀胱憩室,超声,膀胱壁可见 x mm的无回声区，边界清，透声可，与膀胱部分相通。
,膀胱无回声区，考虑膀胱憩室。,2,0,前列腺,UIS,1,BGQS,NULL,NULL,NULL
242,绝经后子宫声像,超声,子宫前位，形态规则，体积缩小，实质回声均匀，宫腔线居中，内膜呈线状。
双侧附件区显示不清。
,绝经后子宫声像。,0,0,子宫、附件,UIS,0,JJHZGSX,NULL,NULL,NULL
244,双侧腋窝淋巴结异常,超声,双侧腋窝可见低回声结节，大小约 x mm（左），x mm（右），形态规则，边界清，门样结构存在/消失。
CDFI：结节内无异常血流信号。,双侧腋窝低回声结节，考虑淋巴结。,0,0,乳腺疾病,UIS,0,SCYWLBJYC,NULL,NULL,NULL
245,宫内妊娠单活胎2,超声,子宫增大，形态饱满，实质回声均匀，宫腔内可见孕囊声像，内可见一胚胎，头臀长约 mm，可见胎动及胎声搏动。,宫内妊娠单活胎。,1,0,子宫、附件,UIS,0,GNRSDHT2,NULL,NULL,NULL
246,双侧睾丸鞘膜腔积液,超声,双侧睾丸鞘膜腔可见液暗区，大小约xmm（右）、xmm（左）。
,双侧睾丸鞘膜腔积液,0,0,睾丸,UIS,6,SCGWQMQJY,NULL,NULL,NULL
247,肾多发囊肿,超声,左肾/右肾实质内可见多个无回声区，壁薄，内透声可，后壁回声增强，其一大小约 x mm。,左肾/右肾多发囊肿。,0,0,双肾,UIS,10,SDFNZ,NULL,NULL,NULL
248,甲状腺无回声结节单模板,超声,左/右侧叶内可见一个无回声结节，形态规则，边界清晰，内透声可，大小约xmm。
CDFI：甲状腺结节内未见明显血流信号。,甲状腺左/右侧叶结节，TI-RADS 2类。 ,1,0,甲状腺疾病,UIS,0,JZXWHSJJDMB,NULL,NULL,NULL
249,颈动脉斑块单模板,超声,左/右侧颈总动脉膨大处、窦部、分叉处、主干，颈内动脉起始部内可见低/等/强/不均质回声斑块，大小约 x mm。
CDFI：上述颈动脉斑块处可见血彩充盈缺损，余颈动脉各段血流充盈好，血流速度正常。,左/右侧颈动脉斑块形成。,0,0,颈动脉疾病,UIS,2,GDMBKDMB,NULL,NULL,NULL
250,甲状腺低回声区,超声,甲状腺双侧叶形态规则，大小正常，表面光滑，包膜完整，内部回声均匀，左/右侧叶内可见低回声区，形态规则，边界清晰，内部回声欠均匀，大小约xmm。
CDFI:甲状腺低回声区内未见明显血流信号。
双侧颈部未见明显肿大淋巴结回声。,甲状腺左/右侧叶低回声区，TI-RADS3类，考虑炎性改变。 
双侧颈部未见明显肿大淋巴结回声。,0,0,甲状腺疾病,UIS,0,JZXDHSQ,NULL,NULL,NULL
251,睾丸微石症,,双侧睾丸内可见多个细小强回声斑。,双侧睾丸微石症。,0,0,,UIS,0,GWWSZ,NULL,NULL,NULL
252,颈动脉单斑块+锁骨下,超声,双侧颈动脉（颈总、颈内、颈外动脉）走行正常，内膜面光滑，内中膜不厚，左侧/右侧颈动脉内可见等/低/不均质回声斑块，大小约xmm。
CDFI：上述颈动脉斑块处可见血彩充盈缺损，余颈动脉各段血流充盈好，血流速度正常。
双侧锁骨下动脉走行正常，形态规则，内壁光滑，内未见斑块、狭窄、扩张及其他异常回声。
CDFI：双侧锁骨下动脉血流速度正常，内血彩未见充盈缺损。,左/右侧颈动脉斑块形成。,0,0,颈动脉疾病,UIS,6,GDMDBK+SGX,NULL,NULL,NULL
253,颈动脉内中膜稍增厚（简单版）,超声,双侧颈动脉（颈总、颈内、颈外动脉）走行正常，内膜面稍毛糙，内-中膜稍增厚，较厚处分别约  mm（左）、 mm（右），管腔内无明显斑块回声，未见明显狭窄及扩张。
CDFI:上述颈动脉内血流充盈好，血流速度正常。
双侧锁骨下动脉走行正常，内径对称，形态规则，内壁光滑，内未见斑块、狭窄、扩张及其他异常回声。
CDFI：双侧锁骨下动脉血流速度正常，内血彩未见充盈缺损。,双侧颈动脉内中膜稍增厚。,0,0,颈动脉疾病,UIS,6,GDMNZMSZH（JDB）,NULL,NULL,NULL
254,肝脂肪浸润,超声,肝内可见稍高/稍低/等回声结节，大小约 x mm，形态规则，边界尚清，内部回声欠均匀，内呈网格状改变，后方回声无衰减。,肝内稍高回声结节，考虑1.肝血管瘤2.局灶性肝脂肪浸润。,1,0,肝脏,UIS,5,GZFJR,NULL,NULL,NULL
255,正常男性膀胱前列腺,超声,膀胱充盈可，壁光滑，内未见明显包块回声。
前列腺形态规则，大小正常，实质回声均匀，内未见明显包块回声。
CDFI:所检脏器未见明显异常血流信号。,膀胱、前列腺未见明显异常声像。,2,0,腹部 (膀胱前列腺/子宫附件),UIS,0,ZCNXBGQLX,NULL,NULL,NULL
256,正常女性膀胱子宫附件,超声,膀胱充盈可，壁光滑，内未见明显包块回声。
子宫前位，形态规则，大小正常，实质回声均匀，宫腔线居中，内膜厚约mm，宫内未见明显异常光团及暗区。
双侧附件区未见明显包块回声。
CDFI:所检脏器未见明显异常血流信号。,膀胱、子宫、附件未见明显异常声像。,1,0,腹部 (膀胱前列腺/子宫附件),UIS,0,ZCNXBGZGFJ,NULL,NULL,NULL
259,主动脉瓣前向血流增快,超声,主动脉瓣前向血流增快，AV:  m/s。,主动脉瓣前向血流增快。,1,0,心脏疾病,UIS,0,ZDMBQXXLZK,NULL,NULL,NULL
260,心包腔积液,超声,心包腔可见较宽处约 mm液暗区。,心包腔积液,0,0,心脏疾病,UIS,0,XBQJY,NULL,NULL,NULL
261,前列腺低回声结节,超声,"内可见低回声结节,形态规则，边界清晰，内部回声欠均匀，大小约xmm。
",前列腺低回声结节，性质待定。,2,0,前列腺,UIS,1,QLXDHSJJ,NULL,NULL,NULL
262,颈总动脉狭窄,超声,双侧颈动脉（颈总、颈内、颈外动脉）走行正常，内膜面不光滑，内中膜不规则增厚，较厚处约mm（左）、mm（右）， 侧颈总动脉窦部可见回声斑块，大小约 x mm，管腔局部狭窄，原始管径约  mm，残余管径约 mm。
CDFI：上述颈总动脉斑块处可见血彩充盈缺损，局部血管狭窄处血流速度Vmax： cm/s，狭窄远端Vmax： cm/s，比值：，余颈动脉各段血流充盈好，血流速度正常。
双侧锁骨下动脉走行正常，内径对称，形态规则，内壁光滑，内未见斑块、狭窄、扩张及其他异常回声。
CDFI：双侧锁骨下动脉血流速度正常，内血彩未见充盈缺损。,侧颈总动脉斑块形成并局部轻-中度狭窄。,1,0,颈动脉疾病,UIS,2,GZDMXZ,NULL,NULL,NULL
263,升主动脉增宽,超声,升主动脉增宽，肺动脉内径及主、肺动脉位置关系正常，,升主动脉增宽。,0,0,心脏疾病,UIS,5,SZDMZK,NULL,NULL,NULL
264, HR:  次/分,超声, HR: 次/分。,心动过缓/过速。,0,0,心脏疾病,UIS,0, HR:  C/F,NULL,NULL,NULL
265,膀胱少尿,超声,"膀胱充盈欠佳，壁欠光滑，内显示欠清，未见明显强回声团。
前列腺形态规则，大小正常,实质回声均匀,内未见明显包块回声。
CDFI:所检脏器未见明显异常血流信号。",膀胱、前列腺内未见明显异常声像。,0,0,腹部 (膀胱前列腺/子宫附件),UIS,0,BGSN,NULL,NULL,NULL
266,结石或钙化灶（边缘）,超声,左肾/右肾集合系边缘可见一强回声点，后方声影不明显，大小约 x mm，无液性暗区。,肾强回声点，考虑结石或钙化灶。,0,0,双肾,UIS,9,JSHGHZ（BY）,NULL,NULL,NULL
267,气体干扰（LD）,超声,受气体干扰图像质量差，部分数据于非标准切面下获得，所示切面：
,,0,0,心脏疾病,UIS,0,QTGR（LD）,NULL,NULL,NULL
268,肝大,超声,右肝斜径mm，肋下mm，左肝上下径mm，前后径mm，,肝大。,0,0,肝脏,UIS,4,GD,NULL,NULL,NULL
269,,,,,0,0,,UIS,0,,NULL,NULL,NULL
270,肝实质光点增粗,超声,实质光点增粗，,肝实质光点增粗，请结合临床及实验室检查。,0,0,肝脏,UIS,3,GSZGDZC,NULL,NULL,NULL
271,,,,,0,0,,UIS,0,,NULL,NULL,NULL
272,（纤维成分为主）斑块,超声,双侧颈动脉（颈总、颈内、颈外动脉）走行正常，内膜面毛糙，内中膜不厚，左侧/右侧颈总动脉分叉处及右侧/左侧颈内动脉起始部内可见中等回声附壁光团不移动，纤维帽连续，大小约xmm。
CDFI：上述颈动脉斑块处可见血彩充盈缺损，余颈动脉各段血流充盈好，血流速度正常。,左侧/右侧颈总动脉分叉处粥样硬化斑块（纤维成分为主）。,2,0,颈动脉疾病,UIS,2,（XWCFWZ）BK,NULL,NULL,NULL
273,颈动脉（钙化斑）,超声,双侧颈动脉（颈总、颈内、颈外动脉）走行正常，内膜面毛糙，内中膜不厚，左侧/右侧颈总动脉分叉处可见大小约xmm附壁强光斑伴声影。
CDFI：上述颈动脉斑块处可见血彩充盈缺损，余颈动脉各段血流充盈好，血流速度正常。
双侧锁骨下动脉走行正常，内径对称，形态规则，内壁光滑，内未见斑块、狭窄、扩张及其他异常回声。
CDFI：双侧锁骨下动脉血流速度正常，内血彩未见充盈缺损。,左侧/右侧颈总动脉分叉处粥样硬化斑块（钙化斑块）。,1,0,颈动脉疾病,UIS,2,GDM（GHB）,NULL,NULL,NULL
274,乳腺低-无回声区,超声,双侧乳腺切面形态轮廓正常，层次清楚，边界光滑完整，内部回声分布均匀，左乳/右乳可探及一低-无回声区，大小约 x mm，形态规则，边界清晰，内部回声欠均匀。
CDFI：低-无回声区内未见明显血流信号。
双侧腋窝未见明显肿大淋巴结声像。,左乳/右乳低-无回声区，考虑局部增生所致。
双侧腋窝未见明显肿大淋巴结声像。,0,0,乳腺疾病,UIS,2,RXD-WHSQ,NULL,NULL,NULL
275,脂肪肝（重）,超声,"肝脏增大，形态饱满，轮廓欠清，表面光滑, 实质回声分布不均匀，呈云雾状,近场回声增强，远场回声衰减，肝内管系、远场肝组织及包膜显示不清。",重度脂肪肝。,0,0,肝脏,UIS,6,ZFG（Z）,NULL,NULL,NULL
276,备用模板,超声,"AO: 30mm         LA: 32mm          LV:  45mm         PA： 21mm   

RA: 26mm         RV: 25mm          IVS:  8mm        LVPW:  8mm

各房室内径正常，房室间隔未见明显连续中断,室间隔及左室后壁不厚，运动协调；主、肺动脉内径及位置关系正常，各瓣膜清晰，启闭自如；心包及心包腔未见明显异常回声。
M:二尖瓣前叶曲线呈“双峰”，前后叶运动异向。AO波幅正常，重博波可见。
CDFI：房室间隔未见过隔血流，各瓣膜口未见明显返流血彩。
心功能：EF：65%  FS：35%",心内结构未见明显异常声像，左室收缩舒张功能测值正常。,2,0,正常心脏,UIS,0,BYMB,NULL,NULL,NULL
277,胆囊结石、胆囊炎,超声,胆囊大小形态正常，壁欠光滑，内见一强回声团，大小约 x mm，后伴声影，改变体位可移动，胆总管上段内径正常。,胆囊结石、胆囊炎。,2,0,胆囊,UIS,109,DNJS、DNY,NULL,NULL,NULL
278,甲状腺混合回声结节（CH）,超声,甲状腺双侧叶形态规则，大小正常，表面光滑，包膜完整，内部回声均匀；左/右侧叶上/中/下部可见混合性结节，大小约 x mm，形态规则，边缘清晰，内部回声欠均匀。
CDFI:甲状腺结节内无明显血流信号/周边见点状血流信号。
双侧颈部未见明显肿大淋巴结。,甲状腺左/右侧叶混合性结节，TI-RADS 3类。 
双侧颈部未见明显肿大淋巴结回声。,5,0,甲状腺疾病,UIS,0,JZXHHHSJJ（CH）,NULL,NULL,NULL
279,甲状腺囊性结节（CH）,超声,甲状腺双侧叶形态规则，大小正常，表面光滑，包膜完整，内部回声均匀，左/右侧叶中/上/下部可见囊性结节，大小约 x mm，形态规则，边界清晰，内透声可。
CDFI:甲状腺结节内无明显血流信号。
双侧颈部未见明显肿大淋巴结。,甲状腺左/右侧叶囊性结节，TI-RADS 2类。 
双侧颈部未见明显肿大淋巴结回声。,5,0,甲状腺疾病,UIS,0,JZXNXJJ（CH）,NULL,NULL,NULL
280,乳腺无回声单模板,超声,左乳/右乳  点可探及一无回声结节，大小约 x mm，形态规则，边界清晰，内透声可。,左乳/右乳结节，BI-RADS  2类。,1,0,乳腺疾病,UIS,2,RXWHSDMB,NULL,NULL,NULL
281,肾多发结石,超声,左肾/右肾集合系内见多个强回声点，后伴声影，无液性暗区，其一大小约xmm。,左肾/右肾多发结石。,0,0,双肾,UIS,5,SDFJS,NULL,NULL,NULL
283,前列腺稍大-ch,超声,膀胱充盈可，壁光滑，内未见明显包块回声。
前列腺形态稍饱满，大小约xxmm，实质回声均匀，内未见明显包块回声。
CDFI:所检脏器未见明显异常血流信号。,前列腺稍大。,1,0,前列腺,UIS,1,QLXSD-CH,NULL,NULL,NULL
284,乳腺实质性-ch,超声,双侧乳腺切面形态轮廓正常，层次清楚，边界光滑完整，内部回声分布均匀，左乳/右乳  点可探及一低回声结节，大小约 x mm，形态规则，边界清晰，内部回声欠均匀。
CDFI：结节内未见明显血流信号/结节周边可见点状血流信号。
双侧腋窝未见明显肿大淋巴结声像。,左乳/右乳实质性结节，BI-RADS 3类。
双侧腋窝未见明显肿大淋巴结声像。,5,0,乳腺疾病,UIS,0,RXSZX-CH,NULL,NULL,NULL
285,乳腺囊性结节-ch,超声,双侧乳腺切面形态轮廓正常，层次清楚，边界光滑完整，内部回声分布均匀，左乳/右乳  点可探及一囊性结节，大小约 x mm，形态规则，边界清晰，内透声可。
CDFI：结节内无明显血流信号。
双侧腋窝未见明显肿大淋巴结声像。,左乳/右乳囊性结节，BI-RADS  2类。
双侧腋窝未见明显肿大淋巴结声像。,5,0,乳腺疾病,UIS,0,RXNXJJ-CH,NULL,NULL,NULL
287,,,,,0,0,,UIS,0,,NULL,NULL,NULL
288,甲状腺多发结节,超声,甲状腺双侧叶形态规则，大小正常，表面光滑，包膜完整，内部回声均匀，左/右侧叶内可见多个低/混合回声结节，形态规则，边界清晰，内部回声欠均匀，其一大小约 x mm。
CDFI:甲状腺结节内未见明显血流信号/周边见点状血流信号。
双侧颈部未见明显肿大淋巴结。,甲状腺左/右侧叶多发结节，TI-RADS 3类。 
双侧颈部未见明显肿大淋巴结回声。,1,0,甲状腺疾病,UIS,1,JZXDFJJ,NULL,NULL,NULL
289,双侧颈动脉硬化伴斑块形成,超声,双侧颈动脉（颈总、颈内、颈外动脉）走行正常，内膜面毛糙，内-中膜局部非均质性增厚，较厚处分别约mm（左）、1.0mm（右），双侧颈总动脉窦部后壁内可见强回声斑块，大小约xmm(左)、xmm(右)。
CDFI：上述颈动脉斑块处可见血彩充盈缺损，余颈动脉各段血流充盈好，血流速度正常。
双侧锁骨下动脉走行正常，内径对称，形态规则，内壁光滑，内未见斑块、狭窄、扩张及其他异常回声。
CDFI：双侧锁骨下动脉血流速度正常，内血彩未见充盈缺损。,双侧颈动脉硬化伴斑块形成。,0,0,颈动脉疾病,UIS,2,SCGDMYHBBKXC,NULL,NULL,NULL
290,子宫萎缩-ch,超声,膀胱充盈可，壁光滑，内未见明显包块回声。
子宫前位，形态规则，体积缩小，实质回声均匀，宫腔线居中，内膜厚约2mm。
双侧附件区未见明显包块回声。
CDFI:所检脏器未见明显异常血流信号。,子宫萎缩。,0,0,子宫、附件,UIS,0,ZGWS-CH,NULL,NULL,NULL
291,睾丸微石症,超声,左侧/右侧睾丸内可见多个细小强回声点。
,左侧/右侧睾丸内强回声点，考虑睾丸微石症可能。,0,0,睾丸,UIS,3,GWWSZ,NULL,NULL,NULL
292,绝经后子宫,超声,膀胱充盈可，壁光滑，内未见明显包块回声。
子宫前位，形态规则，体积缩小，实质回声均匀，宫腔线居中，内膜线状。
双侧附件区未见明显包块回声。
CDFI:所检脏器未见明显异常血流信号。,绝经后子宫声像。,0,0,腹部 (膀胱前列腺/子宫附件),UIS,0,JJHZG,NULL,NULL,NULL
293,前列腺钙化灶CH,,内可见强回声斑，大小约 x mm。,前列腺钙化灶。,0,0,,UIS,0,QLXGHZCH,NULL,NULL,NULL
294,前列腺钙化灶CH,超声,内可见强回声斑，大小约 x mm。,前列腺钙化灶。,1,0,前列腺,UIS,1,QLXGHZCH,NULL,NULL,NULL
295,前列腺多发钙化灶CH,超声,内见多个强回声斑，较大者大小约 x mm。,前列腺多发钙化灶。,1,0,前列腺,UIS,1,QLXDFGHZCH,NULL,NULL,NULL
296,肾囊肿CH,超声,左/右肾上/中/下部可见一无回声区，壁薄，后壁回声增强，内透声可，大小约 x mm。,左/右肾囊肿。,1,0,双肾,UIS,10,SNZCH,NULL,NULL,NULL
297,输尿管上段扩张并积水,超声,右肾/左肾集合系统可见宽约 mm的分离液暗区，输尿管上段内径约mm，距肾门约mm内未见明显强回声团，中下段大量肠气干扰显示不清。
,右侧/左侧输尿管上段扩张并积水/集合系统分离。,1,0,双肾,UIS,10,SNGSDKZBJS,NULL,NULL,NULL
298,椎动脉内径不对称,超声,双侧椎动脉走行正常，内径不对称，宽分别约 mm(右）、mm（左），形态规则，内壁光滑，内未见斑块、狭窄、扩张及其他异常回声。
CDFI：双侧椎动脉血流速度正常，双侧椎动脉内血彩未见充盈缺损。,双侧椎动脉内径不对称。,0,0,颈动脉疾病,UIS,2,ZDMNJBDC,NULL,NULL,NULL
299,宫颈钙化灶,超声,宫颈内可见强回声斑，大小约xmm，伴声影。,宫颈钙化灶。,0,0,子宫、附件,UIS,0,GGGHZ,NULL,NULL,NULL
300,甲状腺多发囊性结节（CH）,超声,"甲状腺双侧叶形态规则，大小正常，表面光滑，包膜完整,内部回声均匀，左/右侧叶可见多个囊性结节，较大位于中/上/下部，大小约 x mm，形态规则，边界清晰，内透声可。
CDFI:甲状腺结节内无明显血流信号。
双侧颈部未见明显肿大淋巴结。",甲状腺左/右侧叶多发囊性结节，TI-RADS 2类。 
双侧颈部未见明显肿大淋巴结回声。,5,0,甲状腺疾病,UIS,0,JZXDFNXJJ（CH）,NULL,NULL,NULL
301,（脂质成分为主，易损斑块）,超声,双侧颈动脉（颈总、颈内、颈外动脉）走行正常，内膜光滑，内中膜未增厚，右侧/左侧颈总动脉分叉处可见 x mm的低-无回声为主的附壁光团不移动，纤维帽连续。
CDFI：上述颈动脉斑块处可见血彩充盈缺损，余颈动脉各段血流充盈好，血流速度正常。
,左侧/右侧颈总动脉分叉处粥样硬化斑块形成（脂质成分为主，易损斑块）,2,0,颈动脉疾病,UIS,2,（ZZCFWZ，YSBK）,NULL,NULL,NULL
302,内膜稍毛糙,,双侧颈动脉（颈总、颈内、颈外动脉）走行正常，内膜稍毛糙，内中膜未增厚，管腔内无明显斑块声像，未见明显狭窄及扩张。
CDFI：双侧颈总动脉、颈内、颈外动脉内血彩未见充盈缺损。
,内膜稍毛糙。,0,0,,UIS,0,NMSMC,NULL,NULL,NULL
303,双侧颈动脉内膜稍毛糙,超声,双侧颈动脉（颈总、颈内、颈外动脉）走行正常，内膜面稍毛糙，内-中膜不厚，管腔内无明显斑块声像，未见明显狭窄及扩张。
CDFI：双侧颈总动脉、颈内、颈外动脉内血彩未见充盈缺损。
双侧锁骨下动脉走行正常，内径对称，形态规则，内壁光滑，内未见斑块、狭窄、扩张及其他异常回声。
CDFI：双侧锁骨下动脉血流速度正常，内血彩未见充盈缺损。
,双侧颈动脉内膜面稍毛糙。,0,0,颈动脉疾病,UIS,2,SCGDMNMSMC,NULL,NULL,NULL
304,前列腺增生-ch,超声,膀胱充盈可，壁光滑，内未见明显包块回声。
前列腺形态饱满，大小约xxmm，实质回声均匀，内未见明显包块回声。
CDFI:所检脏器未见明显异常血流信号。,前列腺增生。,1,0,前列腺,UIS,1,QLXZS-CH,NULL,NULL,NULL
305,前列腺稍大并钙化灶-ch,超声,膀胱充盈可，壁光滑，内未见明显包块回声。
前列腺形态稍饱满，大小约xxmm，实质回声欠均匀，内可见强光斑。
CDFI:所检脏器未见明显异常血流信号。,前列腺稍大并钙化灶。,1,0,前列腺,UIS,1,QLXSDBGHZ-CH,NULL,NULL,NULL
306,前列腺增生并钙化灶-ch,超声,膀胱充盈可，壁光滑，内未见明显包块回声。
前列腺形态饱满，大小约xxmm，实质回声欠均匀，内可见强光斑。
CDFI:所检脏器未见明显异常血流信号。,前列腺增生并钙化灶。,1,0,前列腺,UIS,1,QLXZSBGHZ-CH,NULL,NULL,NULL
307,左室假健索-CH,超声,左室内可见一大小约xmm假腱索回声。,左室假腱索。,0,0,心脏疾病,UIS,0,ZSJJS-CH,NULL,NULL,NULL
308,胆囊充填型结石、胆囊炎-CH,超声,胆囊轮廓尚清，胆汁透声消失，内充满强光团，后方伴大片声影，胆总管上段内径正常。,胆囊充填型结石、胆囊炎。,0,0,胆囊,UIS,2,DNCTXJS、DNY-CH,NULL,NULL,NULL
309,,,,,0,0,,UIS,10,,NULL,NULL,NULL
310,,,,,8,0,,UIS,0,,NULL,NULL,NULL
311,乳腺多发结节（无回声）,超声,双侧乳腺切面形态轮廓正常，层次清楚，边界光滑完整，内部回声分布均匀，左乳/右乳可探及多个无回声结节，其一大小约 x mm（位于 点），形态规则，边界清晰，内透声可。
CDFI：结节内未见明显血流信号。
双侧腋窝未见明显肿大淋巴结声像。,左乳/右乳多发结节，BI-RADS  2类。
双侧腋窝未见明显肿大淋巴结声像。,1,0,乳腺疾病,UIS,0,RXDFJJ（WHS）,NULL,NULL,NULL
312,左室收缩舒张功能测值正常范围,超声,"二尖瓣环室间隔侧壁e’：cm/s 侧壁e’：cm/s,二尖瓣E/e':＜14。",左室收缩、舒张功能测值正常范围。,0,0,心脏疾病,UIS,0,ZSSSSZGNCZZCFW,NULL,NULL,NULL
313,脾内钙化灶,超声,脾内可见一大小约 x mm强回声斑。,脾内钙化灶。,0,0,脾,UIS,2,PNGHZ,NULL,NULL,NULL
314,脾囊肿,超声,脾内可见无回声区，大小约 x mm，壁薄，后壁回声增强，内透声可。,脾内无回声区，考虑囊肿。,0,0,脾,UIS,2,PNZ,NULL,NULL,NULL
315,脾大/脾正常高值,超声,脾厚约 mm，长径约mm，肋缘下约mm，,脾稍大/脾正常高值。,0,0,脾,UIS,2,PD/PZCGZ,NULL,NULL,NULL
316,折叠胆囊,超声,呈折叠状，,,4,0,胆囊,UIS,9,ZDDN,NULL,NULL,NULL
318,肾多发囊肿-CH,超声,左/右肾可见多个无回声区，壁薄，后壁回声增强，内透声可，较大位于上/中/下部，大小约 x mm。,左/右肾多发囊肿。,0,0,双肾,UIS,10,SDFNZ-CH,NULL,NULL,NULL
319,肾多发结石-CH,超声,左肾/右肾可见多个强回声点，后伴声影，较大位于上/中/下盏，大小约 x mm，无液性暗区。,左肾/右肾多发结石。 ,0,0,双肾,UIS,6,SDFJS-CH,NULL,NULL,NULL
320,肝囊肿-CH,超声,左肝内叶/左肝外叶/右肝前叶/右肝后叶可见囊性结节，大小约 x mm，壁薄，后壁回声增强，内透声可。,肝囊肿。,0,0,肝脏,UIS,4,GNZ-CH,NULL,NULL,NULL
321,肝多发囊肿-CH,超声,肝内可见多个囊性结节，较大位于左肝内叶/左肝外叶/右肝前叶/右肝后叶，大小约 x mm，壁薄，后壁回声增强，内透声可。,肝多发囊肿。,0,0,肝脏,UIS,4,GDFNZ-CH,NULL,NULL,NULL
322,前列腺增生并多发钙化灶-CH,超声,膀胱充盈可，壁光滑，内未见明显包块回声。
前列腺形态饱满，大小约xxmm，实质回声均匀，内可见多个强光斑。
CDFI:所检脏器未见明显异常血流信号。,前列腺增生并多发钙化灶。,1,0,前列腺,UIS,1,QLXZSBDFGHZ-CH,NULL,NULL,NULL
323,肝内钙化灶-CH,超声,左肝内叶/左肝外叶/右肝前叶/右肝后叶可见强回声斑，大小约 x mm，后无声影。,肝内钙化灶。,0,0,肝脏,UIS,4,GNGHZ-CH,NULL,NULL,NULL
324,肝多发钙化灶-CH,超声,肝内可见多个强回声斑，后无声影，较大位于左肝内叶/左肝外叶/右肝前叶/右肝后叶，大小约 x mm。,肝内多发钙化灶。,0,0,肝脏,UIS,4,GDFGHZ-CH,NULL,NULL,NULL
325,乳腺多发囊性结节-CH,超声,双侧乳腺切面形态轮廓正常，层次清楚，边界光滑完整，内部回声分布均匀，左乳/右乳/双乳可探及多个囊性结节，较大位于 点，大小约 x mm，形态规则，边界清晰，内透声可。
CDFI：结节内无明显血流信号。
双侧腋窝未见明显肿大淋巴结声像。,左乳/右乳/双乳多发囊性结节，BI-RADS  2类。
双侧腋窝未见明显肿大淋巴结声像。,5,0,乳腺疾病,UIS,0,RXDFNXJJ-CH,NULL,NULL,NULL
326,前列腺增大,超声,膀胱充盈可，壁光滑，内未见明显包块回声。
前列腺形态饱满，大小约xxmm，实质回声均匀，内未见明显包块回声。
CDFI:所检脏器未见明显异常血流信号。,前列腺增大。,0,0,前列腺,UIS,1,QLXZD,NULL,NULL,NULL
327,胆囊测值小,超声,胆囊大小约 x mm，内显示不清，胆总管上段内径正常。,胆囊测值小，建议必要时空腹复查。,3,0,胆囊,UIS,1,DNCZX,NULL,NULL,NULL
328,子宫萎缩-CH,超声,膀胱充盈可，壁光滑，内未见明显包块回声。
子宫前位，形态规则，体积缩小，实质回声均匀，宫腔线居中，内膜厚约2mm。
双侧附件区未见明显包块回声。
CDFI:所检脏器未见明显异常血流信号。,子宫萎缩。,0,0,腹部 (膀胱前列腺/子宫附件),UIS,0,ZGWS-CH,NULL,NULL,NULL
329,桥本,超声,甲状腺双侧叶形态规则，大小正常，表面光滑，包膜完整，实质光点增粗，分布不均，呈网格状改变，内未见明显结节回声。
CDFI：甲状腺内血流信号增多。
双侧颈部未见明显肿大淋巴结声像。
,甲状腺声像改变，不排除桥本氏甲状腺炎。
双侧颈部未见明显肿大淋巴结声像。
,5,0,甲状腺疾病,UIS,0,QB,NULL,NULL,NULL
330,乳腺假体-CH,超声,双侧假体术后：双乳组织增厚、增粗，回声分布不均，见多个粗大点片状低回声区，呈“豹纹征”。双侧乳腺后间隙可见假体回声，内透声可。
CDFI：双乳内无异常血流信号。
双侧腋窝未见明显肿大淋巴结声像。

,双侧乳腺假体术后：BI-RADS 2类。
双侧腋窝未见明显肿大淋巴结。,5,0,乳腺疾病,UIS,0,RXJT-CH,NULL,NULL,NULL
331,绝经后子宫声像-MYY,超声,膀胱充盈可，壁光滑，内未见明显包块回声。
子宫前位，形态规则，体积偏小，实质回声均匀，宫腔线居中，内膜线状。
双侧附件区未见明显包块回声。
CDFI:所检脏器未见明显异常血流信号。,膀胱、子宫、附件未见明显异常声像。,0,0,腹部 (膀胱前列腺/子宫附件),UIS,0,JJHZGSX-MYY,NULL,NULL,NULL
332,,,,,0,0,,UIS,0,,NULL,NULL,NULL
333,海绵肾-CH,超声,双肾髓质增大、回声增强，呈放射状排列,双肾海绵肾。,0,0,双肾,UIS,4,HMS-CH,NULL,NULL,NULL
334,正常腹主动脉,超声,腹主动脉内径正常，内膜光滑、未增厚，内未见明显异常回声。
CDFI：腹主动脉内血彩充盈可，频谱未见明显异常。
,腹主动脉内未见明显异常声像。,0,0,腹主动脉,UIS,3,ZCFZDM,NULL,NULL,NULL
335,腹主动脉斑块,超声,腹主动脉内径正常，内膜毛糙，管壁增厚，腹主动脉内可见低/等/强/不均质回声斑块，大小约 x mm。
CDFI：上述斑块处可见血彩充盈缺损，余各段血流充盈好，血流速度正常。


,腹主动脉硬化并斑块形成。,0,0,腹主动脉,UIS,3,FZDMBK,NULL,NULL,NULL
336,心脏(简化),超声,"2D：各房室内径正常，房室间隔未见明显连续中断,室间隔及左室后壁不厚，运动协调；主动脉、肺动脉内径正常，主、肺动脉位置关系正常，各瓣膜清晰，启闭自如；心包及心包腔未见明显异常回声。
M:二尖瓣前叶曲线呈“双峰”，前后叶运动异向。AO波幅正常，重博波可见。
CDFI：E＞A  E＜A  房室间隔未见过隔血流，各瓣膜口未见明显返流血彩。
心功能：EF：%  FS：%",心内结构未见明显异常声像，左室收缩舒张功能测值正常。,1,0,正常心脏,UIS,0,XZ(JH),NULL,NULL,NULL
337,脾血管瘤,超声,脾内可见稍高/稍低/等回声结节，大小约 x mm，形态规则，边界尚清，内部回声欠均匀，内呈“网格状”改变，后方回声无衰减。,脾内稍高/稍低/等回声结节，考虑血管瘤。,0,0,脾,UIS,5,PXGL,NULL,NULL,NULL
338,门静脉海绵样变.,超声,"肝内可见混合回声区，大小约xmm，形态规则，边界尚清，内部回声欠均匀，内呈“网格状”改变，后方回声无衰减。
CDFI:肝内混合回声区内可见红蓝相间血流,内探及门静脉频谱。",肝内混合回声区，考虑门静脉海绵样变.,0,0,肝脏,UIS,2,MJMHMYB.,NULL,NULL,NULL
339,乳腺多发无回声结节-LD,超声,双侧乳腺切面形态轮廓正常，层次清楚，边界光滑完整，内部回声分布均匀，双乳可探及多个无回声结节，其一大小约xmm（右乳 点，距乳头 mm处/乳头旁/乳头后方）、xmm（左乳 点，距乳头 mm处/乳头旁/乳头后方），形态规则，边界清晰，内透声可。
CDFI：上述结节内无明显血流信号。
双侧腋窝未见明显肿大淋巴结声像。,双乳多发无回声结节，BI-RADS  2类。
双侧腋窝未见明显肿大淋巴结声像。,0,0,乳腺疾病,UIS,0,RXDFWHSJJ-LD,NULL,NULL,NULL
340,乳腺无回声结节-LD,超声,双侧乳腺切面形态轮廓正常，层次清楚，边界光滑完整，内部回声分布均匀，左乳/右乳  点距乳头mm处/乳头旁/乳头后方可探及一无回声结节，大小约 x mm，形态规则，壁薄，后壁回声增强，内透声可。
CDFI：上述结节内无明显血流信号。
双侧腋窝未见明显肿大淋巴结声像。,左乳/右乳无回声结节，BI-RADS 2类。
双侧腋窝未见明显肿大淋巴结声像。,0,0,乳腺疾病,UIS,0,RXWHSJJ-LD,NULL,NULL,NULL
341,双乳低回声结节-LD,超声,双侧乳腺切面形态轮廓正常，层次清楚，边界光滑完整，内部回声分布均匀，左乳/右乳  点距乳头mm处/乳头旁/乳头后方可探及一低回声结节，大小约 x mm，形态规则，边界清晰，内部回声欠均匀。
CDFI：上述结节内无明显血流信号。
双侧腋窝未见明显肿大淋巴结声像。,左乳/右乳低回声结节，BI-RADS 3类。
双侧腋窝未见明显肿大淋巴结声像。,0,0,乳腺疾病,UIS,0,SRDHSJJ-LD,NULL,NULL,NULL
342,双乳多发低回声结节-LD,超声,双侧乳腺切面形态轮廓正常，层次清楚，边界光滑完整，内部回声分布均匀，双乳可探及多个低回声结节，其一大小约xmm（右乳 点，距乳头 mm处/乳头旁/乳头后方）、xmm（左乳 点，距乳头 mm处/乳头旁/乳头后方），形态规则，边界清晰，内回声均匀。
CDFI：上述结节内无明显血流信号。
双侧腋窝未见明显肿大淋巴结声像。,双乳多发低回声结节，BI-RADS  3类。
双侧腋窝未见明显肿大淋巴结声像。,0,0,乳腺疾病,UIS,0,SRDFDHSJJ-LD,NULL,NULL,NULL
343,正常心脏,超声,"2D：各房室内径正常，房室间隔未见明显连续中断,室间隔及左室后壁不厚，运动协调；主动脉、肺动脉内径正常，主、肺动脉位置关系正常，各瓣膜清晰，启闭自如；心包及心包腔未见明显异常回声。
M:二尖瓣前叶曲线呈“双峰”，前后叶运动异向。AO波幅正常，重博波可见。
CDFI：E＞A 房室间隔未见过隔血流，各瓣膜口未见明显返流血彩。
心功能：EF：%  FS：%",心内结构未见明显异常声像，左室收缩舒张功能测值正常。,0,0,正常心脏,UIS,0,ZCXZ,NULL,NULL,NULL
344,老年性子宫-LD,超声,膀胱充盈可，壁光滑，内未见明显包块回声。
子宫前位，形态规则，体积缩小，实质回声均匀，宫腔线居中，内膜线状。
双侧附件区未见明显包块回声。
CDFI:所检脏器未见明显异常血流信号。,老年性子宫声像。,0,0,腹部 (膀胱前列腺/子宫附件),UIS,0,LNXZG-LD,NULL,NULL,NULL
345,左/右乳低回声结节-LD,超声,左乳/右乳  点距乳头mm处/乳头旁/乳头后方可探及一低回声结节，大小约 x mm，形态规则，边界清晰，内部回声欠均匀。,,0,0,乳腺疾病,UIS,0,Z/YRDHSJJ-LD,NULL,NULL,NULL
346,左/右乳无回声结节LD,超声,左乳/右乳  点距乳头mm处/乳头旁/乳头后方可探及一无回声结节，大小约 x mm，形态规则，壁薄，后壁回声增强，内透声可。,,0,0,乳腺疾病,UIS,0,Z/YRWHSJJLD,NULL,NULL,NULL
347,前列腺钙化灶-申,超声,膀胱充盈可/一般/差，壁光滑/毛糙/欠光滑，部分显示欠清，显示部分内/内未见明显包块回声。
前列腺形态规则，大小正常，实质回声欠均匀，内见强回声斑。
CDFI:所检脏器未见明显异常血流信号。,前列腺钙化斑形成。
建议必要时复查。,0,0,前列腺,UIS,1,QLXGHZ-S,NULL,NULL,NULL
348,前列腺多发钙化灶-申,超声,膀胱充盈可/一般/差，壁光滑/毛糙/，显示部分内/内未见明显包块回声。
前列腺显示欠清，大小正常，实质回声欠均匀，内见多个强回声斑。
CDFI:所检脏器未见明显异常血流信号。,前列腺多发钙化斑形成。
建议必要时复查。,0,0,前列腺,UIS,1,QLXDFGHZ-S,NULL,NULL,NULL
349,前列腺增大并钙化灶-申,超声,膀胱充盈可/一般/差，壁光滑/毛糙/欠光滑，部分显示欠清，显示部分内/内未见明显包块回声。
前列腺显示欠清，形态饱满，大小约xxmm，实质回声欠均匀，内可见强光斑。
CDFI:所检脏器未见明显异常血流信号。,前列腺增大并钙化斑形成。
建议必要时复查。,0,0,前列腺,UIS,1,QLXZDBGHZ-S,NULL,NULL,NULL
350,前列腺增大并多发钙化-申,超声,膀胱充盈可/一般/差，壁光滑/毛糙/欠光滑，部分显示欠清，显示部分内/内未见明显包块回声。
前列腺显示欠清，形态饱满，大小约xxmm，实质回声欠均匀，内可见多个强光斑。
CDFI:所检脏器未见明显异常血流信号。,前列腺增大并多发钙化斑形成。
建议必要时复查。,0,0,前列腺,UIS,1,QLXZDBDFGH-S,NULL,NULL,NULL
351,右侧/左侧内中膜增厚并斑块形成,超声,双侧颈动脉（颈总、颈内、颈外动脉）走行正常，内膜面毛糙，右侧/左侧内-中膜增厚，较厚约 mm，右侧/左侧颈总动脉内可见 回声斑块，大小约 x mm。
CDFI：上述颈动脉斑块处可见血彩充盈缺损，余颈动脉各段血流充盈好，血流速度正常。
双侧锁骨下动脉走行正常，内径对称，形态规则，内壁光滑，内未见斑块、狭窄、扩张及其他异常回声。
CDFI：双侧锁骨下动脉血流速度正常，内血彩未见充盈缺损。,右侧/左侧颈动脉内中膜增厚并斑块形成。,1,0,颈动脉疾病,UIS,0,YC/ZCNZMZHBBKXC,NULL,NULL,NULL
352,,,,,0,0,,UIS,0,,NULL,NULL,NULL
353,,,,,0,0,,UIS,0,,NULL,NULL,NULL
354,脾大,超声,"脾厚mm，长径mm，肋下mm,",脾大。,0,0,脾,UIS,2,PD,NULL,NULL,NULL
355,肝岛,超声,肝内可见低回声区，大小约xmm，形态不规则，边界清，回声欠均匀。
,肝内低回声区，考虑肝岛。,0,0,肝脏,UIS,1,GD,NULL,NULL,NULL
356,双肾盂-LD,超声,左/右肾内可见一宽约 mm低回声带将集合系统分隔成上下独立两部分,左/右肾双肾盂。,0,0,双肾,UIS,3,SSY-LD,NULL,NULL,NULL
357,膀胱充盈差,超声,膀胱充盈差，所示切面未见明显异常回声。,膀胱充盈差，建议必要时复查。,0,0,腹部 (膀胱前列腺/子宫附件),UIS,0,BGCYC,NULL,NULL,NULL
358,多囊肾,超声,双肾形态失常、增大，实质内可见密集分布、大小不等的囊性结节，较大者大小约,双侧多囊肾。,0,0,双肾,UIS,2,DNS,NULL,NULL,NULL
359,心率不齐,超声,E-E间距不等。,心律不齐。,7,0,心脏疾病,UIS,0,XLBQ,NULL,NULL,NULL
360,静脉曲张,超声,"左下肢大隐静脉小腿段及小隐静脉迂曲走形，内径增宽，大隐静脉最宽内径约mm，小隐静脉最宽处内径约mm，左小腿表浅静脉迂曲走形，较宽处约mm，内见血流信号，加压探头可压瘪，余左下肢静脉血流通畅，充盈可，内未见异常回声，探头加压后管腔可压瘪。
双下肢大腿远端内侧大隐静脉呈“曼状”改变，较宽处内径约mm，下肢浅静脉管腔内血彩充盈可，未见明显充盈缺损，浅静脉瓣处可见自发返流信号，持续时间2s,深静脉瓣处暂未见明显病理性返流信号，频谱边缘尚规整，可见呼吸相。",左下肢大隐静脉、小隐静脉及小腿段浅表静脉曲张。,0,0,四肢血管,UIS,3,JMQZ,NULL,NULL,NULL
361,房颤,超声,M:二尖瓣前叶曲线呈“单峰”，前后叶运动异向。AO波幅正常，重博波可见。E-E间距不等，大小，形态各异。
,E-E间距不等，请结合临床。,0,0,心脏疾病,UIS,0,FC,NULL,NULL,NULL
362,起搏器,超声,右房内可见起搏器导丝。
,心脏起搏器植入术后,0,0,心脏疾病,UIS,0,QBQ,NULL,NULL,NULL
363,风心病，二尖瓣轻度关闭不全,超声,主动脉、肺动脉内径正常，主动脉主波波幅好，重搏波存在。左房左室扩大。二瓣前后叶稍厚，回声稍强，收缩期二尖瓣叶部分不能合拢，裂隙 mm。室间隔与左室后壁不厚，呈反向运动，活动幅度增大。心脏各结构连续完整。彩色多普勒显示：收缩期左房内可见以蓝色为主的五彩镶嵌的返流信号，呈束状，范围局限在瓣环水平，返流长度  cm，返流面积 cm2。频谱多普勒显示：取样容积在二尖瓣口左房侧可探及收缩期向下充填的返流频谱，返流速度 cm/s。,风湿性心脏病，二尖瓣轻度关闭不全。
,4,0,心脏疾病,UIS,3,FXB，EJBQDGBBQ,NULL,NULL,NULL
364,风心病，主A瓣轻度关闭不全,超声,主动脉内径增宽，搏动增强，肺动脉内径正常。左室扩大，其余房室腔大小正常。主动脉瓣叶增厚，回声增强，舒张期关闭不拢呈双线，间隙 mm，M型显示二尖瓣前叶可见舒张期快速扑动。室间隔及左室后壁不厚，运动增强。心脏各结构连续完整。彩色多普勒显示：舒张期左室流出道内可见以红色为主五彩镶嵌的返流信号，范围在主动脉瓣下至二尖瓣尖，频谱多普勒显示：取样容积置于左室流出道内可见舒张期正向宽带湍流频谱，返流速度 cm/s。
,风湿性心脏病，主动脉瓣轻度关闭不全。,4,0,心脏疾病,UIS,3,FXB，ZABQDGBBQ,NULL,NULL,NULL
365,二尖瓣腱索断裂，二尖瓣轻度关闭不全,超声,主动脉、肺动脉内径正常，主动脉主波波幅好，重搏波存在，左房、左室扩大，二尖瓣叶与腱索连续中断，收缩期左房内可见呈飘浮活动的瓣叶及断裂腱索回声，前后叶瓣尖不能闭合，互相错位，二尖瓣收缩期运动过大，向左房方向脱垂，瓣尖和断裂腱索未见明显增厚，室间隔与左室后壁不厚，运动增强，心脏各结构连续完整，彩色多普勒显示：收缩期左房内可见以蓝色为主的五彩镶嵌的返流信号，呈束状，范围口局限在瓣环水平，返流长度 cm，返流面积  平方厘米。频谱多普勒显示：取样容积在二尖瓣左房侧可探及收缩期向下充填的返流频谱，返流速度约  cm/s。,二尖瓣腱索断裂，二尖瓣轻度关闭不全。
,4,0,心脏疾病,UIS,3,EJBJSDL，EJBQDGBBQ,NULL,NULL,NULL
366,二尖瓣前叶脱垂,超声,主动脉、肺动脉内径正常，主动脉主波波幅好，重搏波存在。各房室脏大小正常。收缩期二尖瓣前叶呈弧形凸入左心房，运动幅度增大，超过二尖瓣环连线3mm以上，舒张期呈快速挥鞭样向左室运动，瓣叶不厚，二尖瓣肥大过长，二尖瓣口短轴切面显示瓣口开放时局部呈口圆隆状突起，收缩期仍能合拢，但位置向后移，并偏向左房，M型显示，CD段呈“吊床样”改变，超过CD点连线2mm以上。室间隔与左室后壁不厚，逆向运动。心脏各结构连续完整。彩色多普勒显示：收缩期左房内未见明显的返流信号。频谱多普勒显示，各瓣口均呈层流频谱。,二尖瓣前叶脱垂，二尖瓣未见返流。,4,0,心脏疾病,UIS,3,EJBQYTC,NULL,NULL,NULL
367,急性前间壁心肌梗塞并二尖瓣轻-中度返流,超声,主动脉内径增宽，前后壁回声增粗增强，主波波幅低平，重搏波消失，主动脉活动僵硬，肺动脉不宽。左房扩大，左室腔内未见异常回声。二尖瓣曲线可见EF斜率减慢 mm/s，Epss增大，mm，A峰波幅增高。左室运动不协调，呈扭动样，前间壁局部收缩期变薄，回声减弱，运动消失，室间隔连续完整。心脏各结构连续完整。彩色多普勒显示：收缩期左房内未见返流信号的返流血流。频谱多普勒显示：二尖瓣下血流频谱A峰大于E峰，E峰速度减低，cm/s，收缩期左房内未探及返流频谱，返流速度 cm/s。
,急性前间壁心肌梗塞，合并二尖瓣轻至中度返流。,3,0,心脏疾病,UIS,3,JXQJBXJGSBEJBQ-ZDFL,NULL,NULL,NULL
368,心包少量积液,超声,主动脉内径正常，主波波幅好，重搏波存在，肺动脉不宽。各房室腔大小正常。各心瓣膜尚纤细，启闭尚好。左室长轴切面左室后壁脏壁层心包分离，暗区宽度mm。室间隔与左室后壁逆向运动。彩色多普勒显示：流入道呈红色血流束，流出道呈蓝色血流束，频谱多普勒显示：各瓣口均呈层流频著。
,心包少量积液。,3,0,心脏疾病,UIS,3,XBSLJY,NULL,NULL,NULL
369,左房粘液瘤,超声,主动脉内径正常，主波波幅好，重搏波可见，肺动脉不宽。左房扩大。左房内可见大小约 × mm的异常实质性回声，形状呈圆形，回声强度中等，分布均质，内呈点状回声，根部附在房间隔上，活动度较大，舒张期瘤体脱入二尖瓣口，收缩期进入左房内。各心瓣膜纤细，未见明显增厚，肺动脉瓣活动曲线未见异常。心脏各结构连续完整。彩色多普勒显示舒张期在瘤体一侧可见以红色为主的五彩镶嵌的射流束。频谱多普勒显示：舒张期，二尖瓣下可探及宽带充填的湍流频谱，流速约cm/s。
,左房粘液瘤。,3,0,心脏疾病,UIS,3,ZFNYL,NULL,NULL,NULL
370,主动脉夹层,超声,各房室大小正常，各瓣膜成分清晰，启闭自如。房室间隔连续，室壁不厚，运动协调。主动脉内径增宽，腔内可见一光带。肺动脉内径及位置关系正常。心包及心包腔末见明显异常声像。
M：二尖瓣曲线呈双峰，前后叶异向运动。主动脉主波正常、低平，重博波正常、消失、可见。
CDFI：房室间隔未见过隔血流，各瓣膜口未见明显返流血彩。主、肺动脉收缩期蓝色层流，流速正常。
,主动脉夹层,3,0,心脏疾病,UIS,3,ZDMJC,NULL,NULL,NULL
371,室壁瘤,超声,左房左室增大，右房右室大小正常，房室间隔连续，室间隔近心尖部局部变薄为 mm，向前膨出 mm，局部运动消失，左室后壁运动代偿增强。各瓣膜成分清晰，启闭可。主动脉内径增宽，肺动脉内径正常，二者位置关系正常。心包及心包腔未见明显异常声像。
,室壁瘤,3,0,心脏疾病,UIS,3,SBL,NULL,NULL,NULL
372,二尖瓣机械瓣换瓣术后,超声,二尖瓣机械瓣换瓣术后：各房室大小正常，房室间隔连续，室壁不厚，运动协调/不协调/欠协调。二尖瓣瓣位可见机械瓣强回声，瓣架固定，瓣叶活动可，余瓣膜成分清晰，启闭自如。升主动脉内径正常，肺动脉内径正常，大动脉位置关系正常。心包及心包腔未见明显异常。
M：主动脉主波正常，重博波可见。
CDFI：室壁运动加速正常/不同步/欠同步。房室间隔未见过隔血流。人工二尖瓣口舒张期可探及射流，Vmax：m/s，压差半降时间法估测有效瓣口面积约  平方厘米，各瓣口未见明显返流血彩。主、肺动脉收缩期蓝色层流，流速正常。
,人工瓣膜置换术后,3,0,心脏疾病,UIS,3,EJBJXBHBSH,NULL,NULL,NULL
373,双下肢动脉硬化并多发斑块形成(附二),超声,双侧下肢动脉（髂外、髂股段、股、股浅、股深、腘、胫后、胫前、足背A）走行正常，管壁增厚，内膜面回声毛糙，内-中膜较厚处约 mm，双下肢动脉内可见多个附壁强光团，较大者分别约 × mm（右）、 × mm（左）。
双侧下肢深静脉（髂外、髂股段、股、股浅、股深、腘 、胫后V所示节段）走行正常，血管腔内径正常，其内未见明显异常回声。
CDFI：双侧下肢动脉管腔内血流连续，边缘不规则，附壁光团处可见血流充盈缺损，多普勒三相波频谱存在/消失。双侧下肢深静脉管腔内血流连续完整，边缘规则，多普勒频谱呈随呼吸波动的连续频谱。静息状态下/嘱患者行乏氏运动，左/右/双侧静脉瓣处可探及返流血彩，Vmax:  cm/s，持续时间：S。
,双侧下肢动脉硬化并多发斑块形成。,0,0,四肢血管,UIS,3,SXZDMYHBDFBKXC(FE),NULL,NULL,NULL
374,双上肢动脉硬化并多发斑块形成,超声,双侧上肢（腋、肱、尺、桡动脉）走行正常，管壁增厚，内膜面回声毛糙，内-中膜较厚处约 mm，双上肢动脉内可见多个附壁强光团，较大者分别约  x  mm（右）、 x  mm（左）。
双侧上肢（腋、肱、尺、桡静脉）走行正常，血管腔内径正常，其内未见明显异常回声。
CDFI： 双侧上肢动脉管腔内血流连续，边缘不规则，附壁光团处可见血流充盈缺损，多普勒三相波频谱存在/消失。双侧上肢深静脉管腔内血流连续完整，边缘规则，多普勒频谱呈随呼吸波动的连续频谱。
,双侧上肢动脉硬化并多发斑块形成。,0,0,四肢血管,UIS,3,SSZDMYHBDFBKXC,NULL,NULL,NULL
375,残余尿量,超声,嘱排尿后测残余尿量约ml。
,残余尿量约ml。,0,0,腹部 (膀胱前列腺/子宫附件),UIS,3,CYNL,NULL,NULL,NULL
376,子宫发育畸形，双角子宫？（附二）,超声,子宫前/后/平位，大小约 xx mm，横切面宫底增宽，呈“心形”凹陷，可见两个内膜回声，于宫腔上/中/下段融合，厚约mm，可见一个/两个宫颈管。
CDFI：子宫及双侧卵巢未见明显异常血彩及频谱。
,子宫发育畸形，双角子宫可能性大。,1,0,子宫、附件,UIS,3,ZGFYJX，SJZG？（FE）,NULL,NULL,NULL
377,子宫右侧肌性结构，残角子宫？（附二）,超声,子宫前/后/平位，大小约xx mm，实质回声均匀，内膜线居中，厚约mm，宫内未见明显肿块声像。子宫右侧可见一大小约×mm肌性结构与子宫左/右侧壁相连，其中央未见/可见内膜样高回声。
CDFT：子宫及双侧卵巢未见明显异常血彩及频谱。
,子宫右侧肌性结构，考虑残角子宫可能性大。,1,0,子宫、附件,UIS,0,ZGYCJXJG，CJZG？（FE）,NULL,NULL,NULL
378,纵隔子宫？（附二）,超声,子宫前/后/平位，大小约xx mm，实质回声均匀，横断面增宽，宫腔上段/中上段被分为左、右两部分，两侧宫角之间肌层宽约mm，深约mm，左右内膜厚度均约mm，两内膜于宫腔上/中/下段融合，宫腔内未见明显肿块声像，可见一个/两个宫颈管。
CDFI： 子宫及双侧卵巢未见明显异常血彩及频谱。
,子宫发育畸形，纵隔子宫可能性大。,1,0,子宫、附件,UIS,0,ZGZG？（FE）,NULL,NULL,NULL
379,子宫异位征（附二）,超声,盆腔未探及正常子官声像，膀胱后方可见一个低回声条索状物，大小约xmm，实质回声均匀，内未见明显内膜线回声。
CDFI：膀胱后方低回声条索状物未见明最血彩。
,子宫异位征,1,0,子宫、附件,UIS,0,ZGYWZ（FE）,NULL,NULL,NULL
380,双子宫？（附二）,超声,盆腔内可见两个宫体、两个宫颈声像，两个宫腔不相通，左侧子宫前/后/平位，大小约×xmm，实质回声均匀，内膜线居中，厚约mm，宫内未见明显肿块图像。右侧子宫前/后/平位，大小约xxmm，实质回声均匀，内膜线居中，厚约mm，宫内未见明显肿块图像。
左侧卵巢大小约xmm，右侧卵巢大小约×mm，双侧附件区未见明显肿块声
CDFI：双子宫及双侧卵巢未见明显异常血彩及频谱。
,子宫发育畸形，考虑双子宫可能性大。
,1,0,子宫、附件,UIS,0,SZG？（FE）,NULL,NULL,NULL
381,巧克力囊肿（附二）,超声,子宫前/后/平位，大小约xxmm，实质回声均匀，内膜线居中，厚约mm，宫内及肌壁未见明显肿块声像。
双/左/右侧卵巢内/附件区可见大小×mm的囊性包块，壁厚毛糙，（可见分隔光带），包块内充满细密光点，（可见稍高回声团块），包块形态规则/不规则，边界清/不清。
CDFI：双/左/右侧卵巢内/附件区囊性包块未见明显血彩。
,双/左/右侧卵巢内/附件区囊性包块，考虑巧克力囊肿。
,1,0,子宫、附件,UIS,0,QKLNZ（FE）,NULL,NULL,NULL
382,脾血管瘤？（附二）,超声,脾切面形态正常，脾厚mm，脾长径 mm，左肋缘下可探及，体积增大，回声不均，脾内可见一个大小约 ×mm的肿块图像，形状呈圆形，内部为强回声，并可见圆点状结构，分布均质，周边清楚，有边缘裂开征，似口筛状改变，后方回声无变化。
,脾内实质性占位病变，性质待查，考虑脾血管瘤？其它疾患待排。,0,0,脾,UIS,1,PXGL？（FE）,NULL,NULL,NULL
383,膀胱血块（附二）,超声,膀胱形态轮廓正常，其内可见一个 大小约 ×mm的异常低回声，形状不规则，改变体位可移动。,膀胱内异常实质性回声，考虑膀胱内血块。,0,0,膀胱,UIS,1,BGXK（FE）,NULL,NULL,NULL
384,膀胱结石。（附二）,超声,膀胱切面形态轮廓正常，其内可见一个大小约 × mm的强回声光团，后方伴声影，改变体位可移动。
,膀胱内结石。,0,0,膀胱,UIS,1,BGJS。（FE）,NULL,NULL,NULL
385,膀胱肿瘤：表浅型(附二),超声,膀胱切面形态轮廓失常，膀胱三角区局限性增厚，可见一个大小约×mm呈常回声，突向膀胱腔内，形状呈乳头状，内部为低回声，并可见点状强回声，分布均质，后方回声无变化，改变体位不移动，有蒂，基底较窄，附着处膀胱壁回声带光滑整齐，连续性好。
,膀胱三角区异常实质性回声，性质待查，考虑膀胱肿瘤：表浅型。,0,0,膀胱,UIS,1,BGZL：BQX(FE),NULL,NULL,NULL
386,膀胱内异物(附二),超声,膀胱形态轮廓正常，其内可见一个大小约 ×mm的异常回声，形状呈管状，内部为强回声，后方有声影，改变体位可移动。,膀胱内异常回声，考虑膀胱内异物。,0,0,膀胱,UIS,1,BGNYW(FE),NULL,NULL,NULL
387,膀胱憩室(附二),超声,膀胱切面形态轮廓正常，在膀胱左侧壁外紧靠膀胱可见一个大小约 ×mm的异常无回声，形状呈圆形，壁薄光滑，内呈一致性暗区，与膀胱相通，排尿后此异常暗区缩小。,膀胱左侧壁外异常暗区，考虑膀胱憩室。,0,0,膀胱,UIS,1,BGQS(FE),NULL,NULL,NULL
388,甲亢,超声,甲状腺形态饱满，左侧叶大小约×xmm，右侧叶xxmm，峡部厚mm，实质光点增粗，回声中等/增强/减低，分布不均匀，未见明显结节回声。
CDFI：甲状腺内血彩丰富，呈”火海征”。
,甲状腺功能亢进。,5,0,甲状腺疾病,UIS,0,JK,NULL,NULL,NULL
389,甲状腺单纯性肿大,超声,甲状腺形态饱满，表面光滑，包膜完整，左侧叶大小 × × mm，右侧叶大小×xmm，峡部厚mm。实质光点细致，回声分布均匀，未见明肿块图像。
CDFI:甲状腺内未见明显异常血流信号。
,甲状腺弥漫性肿大,5,0,甲状腺疾病,UIS,0,JZXDCXZD,NULL,NULL,NULL
390,风心病,超声,二尖瓣瓣膜增厚，回声增强，开放受限，瓣尖呈结节样改变，二尖瓣曲线前后叶同向运动，呈“城垛样”改变，二尖辦口前向血流，Vmax:  m/s，PG： mmHg。压力半降法估测瓣口面积约  平方厘米，轨迹法估测二尖瓣瓣口面积约  平方厘米。
,风心病,3,0,心脏疾病,UIS,0,FXB,NULL,NULL,NULL
391,二尖瓣生物瓣,超声,二尖瓣瓣位可探及生物瓣回声，辦架固定，瓣叶回声稍强，活动尚可，瓣口前向血流Vmax:  m/s，PHT 法估测瓣口面积约  平方厘米，二尖瓣口前向血流频谱大小、间距不等。
,二尖瓣生物瓣
,3,0,心脏疾病,UIS,0,EJBSWB,NULL,NULL,NULL
392,肺动脉高压,超声,心房：右房稍大，左房大小正常，右房收缩末面积约  平方厘米。
房间隔：未见连续中断及分流。
房室瓣：二、三尖瓣未见明显狭窄，二尖瓣口可见少量返流，三尖瓣口可见少-中量返流，Vmax：  m/s、PG:  mmHg、间接估测肺动脉收缩压约： mmHg。
心室：右室稍大，左室大小正常，右室前壁厚约  mm，左室壁不厚，左室短轴呈“D”型：运动幅度欠协调，右室收缩功能：TAPSE: mm。三尖瓣瓣环s’： cm/s，FAC:   % 。LVOT-VTI约  cm。
室间隔：未见连续中断及分流。
半月瓣：主动脉瓣及肺动脉瓣未见明显狭窄，主动脉瓣口未见明显返流，肺动脉瓣口可见少量返流，Vmax：m/s，PG:  mmHg，间接估测肺动脉平均压约： mmHg。
大动脉：主动脉内径正常，肺动脉主干内径增宽，左、右肺动脉内径分别的 mm、mm。
大动脉位置关系正常，未见动脉导管。
心包：心包及心包腔未见明显异常。
HR:  bpm。
下腔静脉近心段内径约  mm，塌陷率≥  %。
,肺动脉高压,3,0,心脏疾病,UIS,0,FDMGY,NULL,NULL,NULL
393,先心病：房间隔膨出瘤并继发孔型房缺,超声,房间隔中部可见一“风袋样”结构，随心动周期左右摆动，基底宽 mm，向右房面膨出高度约 mm，向左房面膨出高度约mm，其顶部可见宽约 mm的回声中断，回声中断处距中心纤维体约 mm，距心底约mm，距上腔静脉约mm，距下腔静脉约mm，回声中断处探及左向右过隔血彩，Vmax:  m/s。
,先心病：房间隔膨出瘤并继发孔型房缺,3,0,心脏疾病,UIS,0,XXB：FJGPCLBJFKXFQ,NULL,NULL,NULL
394,PCI术后,超声,房间隔：中部探及宽约mm的回声中断，回声中断处距中心纤维体约 mm（硬边），距房底部约mm（硬边），距房后壁约mm，距上腔静脉约mm，距下腔静脉约 mm，房间隔最大伸展径约mm，回声中段处探及左向右过隔血彩，Vmax：m/s。
,PCI术后,3,0,心脏疾病,UIS,0,PCISH,NULL,NULL,NULL
395,室壁瘤,超声,左室心尖部局部向外膨隆，范围约Xmm，室壁厚约mm，运动明显减弱。,左室心尖部声像，考虑室壁瘤声像,3,0,心脏疾病,UIS,0,SBL,NULL,NULL,NULL
396,冠心病,超声,左室壁运动节段性减弱、不协调,左室壁运动节段性减弱、不协调，符合冠心病。,3,0,心脏疾病,UIS,0,GXB,NULL,NULL,NULL
397,二尖瓣关闭不全（重度）,超声,二尖瓣瓣叶稍厚，二、三尖瓣未见明显狭窄。
二尖瓣前瓣瓣尖与后瓣对合错位，关闭有裂，二尖瓣口可见大量偏心返流。
左冠脉主干内径宽约  mm（Z值约  ）、右冠脉动脉主干内径宽约mm（Z 值约  ）。
,二尖瓣关闭不全（重度）,3,0,心脏疾病,UIS,0,EJBGBBQ（ZD）,NULL,NULL,NULL
398,甲状旁腺,超声,双侧甲状旁腺区未见明显占位性病变。,双侧甲状旁腺区未见明显异常。,0,0,正常甲状腺、颈动脉、乳腺,UIS,0,JZPX,NULL,NULL,NULL
399,甲状旁腺,超声,双侧甲状旁腺区未见明显占位性病变。,双侧甲状旁腺区未见明显占位性病变。,5,0,甲状腺疾病,UIS,0,JZPX,NULL,NULL,NULL
400,正常腹部（无门静脉）,超声,肝脏形态规则，大小正常，表面光滑， 实质回声分布均匀，肝内管系尚清。
胆囊大小正常，壁光滑，透声可，胆囊内未见明显异常回声，胆总管上段内径正常。
脾厚正常，实质回声分布均匀。	
胰头厚正常，胰体厚正常，实质回声分布均匀，主胰管内径不扩张。
双肾形态规则，大小正常，实质回声分布均匀，双肾集合系无明显液暗区及强回声团。
双侧输尿管未见明显扩张。
CDFI:所检脏器未见明显异常血流信号。
,肝、胆、脾、胰、双肾、输尿管未见明显异常声像。
,0,0,腹部(肝胆胰脾双肾输尿管）,UIS,0,ZCFB（WMJM）,NULL,NULL,NULL
401,腹主动脉瘤,超声,腹主动脉部分节段内径瘤样扩张，内径约mm，与正常段内径比值：，其扩张段暂未见明显血栓及斑块，余管腔内膜光滑、未增厚，内未见明显异常回声。
CDFI：腹主动脉瘤样扩张段可见花色血流信号。,"腹主动脉部分节段瘤样扩张,考虑：腹主动脉瘤。",0,0,腹主动脉,UIS,3,FZDML,NULL,NULL,NULL
402,结石？钙化（申）,超声,左/右/双肾见强回声点，后方声影不明显，大小约 x mm。双肾集合系无明显分离。,左/右/双肾强回声点，考虑 小结石？钙化不排。,0,0,双肾,UIS,1,JS？GH（S）,NULL,NULL,NULL
403,主动脉瓣口局限性返流（申）,超声,主动脉瓣口左室侧可见以红色为主的局限性返流束。
,,0,0,心脏疾病,UIS,0,ZDMBKJXXFL（S）,NULL,NULL,NULL
405,颈动脉斑块形成（申）,超声,双侧颈动脉（颈总、颈内、颈外动脉）走行正常，内膜面光滑，内中膜不厚，左侧/右侧颈动脉窦部可见低回声斑块，大小约xmm，纤维帽连续，内部回声均匀。
CDFI：上述颈动脉斑块处可见血彩充盈缺损，余颈动脉各段血流充盈好，血流速度正常。
双侧锁骨下动脉走行正常，内径对称，形态规则，内壁光滑，内未见斑块、狭窄、扩张及其他异常回声。
CDFI：双侧锁骨下动脉血流速度正常，内血彩未见充盈缺损。,左侧/右侧颈动脉窦部斑块形成。,1,0,颈动脉疾病,UIS,6,GDMBKXC（S）,NULL,NULL,NULL
406,右侧锁骨下动脉斑块形成（申）,超声,右侧锁骨下动脉起始处可见  回声斑块，大小约xmm，纤维帽连续，内部回声尚均匀。
CDFI：上述斑块处可见血彩充盈缺损，余管腔内血流充盈好，血流速度正常。,右锁骨下动脉起始处斑块形成。,1,0,颈动脉疾病,UIS,2,YCSGXDMBKXC（S）,NULL,NULL,NULL
407,正常腹部（无门静脉，申）,超声,肝脏形态规则，大小正常，表面光滑， 实质回声分布均匀，肝内管系尚清。
胆囊大小正常，壁光滑，透声可，胆囊内未见明显异常回声，胆总管上段内径正常。
脾厚正常，实质回声分布均匀。	
胰头厚正常，胰体厚正常，胰尾显示欠清，实质回声分布均匀，主胰管内径不扩张。
双肾形态规则，大小正常，实质回声分布均匀，双肾集合系无明显液暗区及强回声团。
双侧输尿管未见明显扩张。
CDFI:所检脏器未见明显异常血流信号。,肝、胆、脾、胰、双肾，输尿管内未见明显异常声像。,0,0,腹部(肝胆胰脾双肾输尿管）,UIS,0,ZCFB（WMJM，S）,NULL,NULL,NULL
408,肝脏脂肪沉积(xy),超声,肝脏形态规则，大小正常，表面光滑，实质光点细密，回声分布均匀，肝内管系尚清。,肝脏脂肪沉积。,0,0,肝脏,UIS,6,GZZFCJ(XY),NULL,NULL,NULL
409,局限肾盏积液？囊肿不排（申）,,右/左肾皮髓交界处可见一无回声区，壁薄，内透声可，后壁回声增强，大小约,右/左肾无回声区，考虑：局限肾盏积液？囊肿不排？,0,0,,UIS,0,JXSZJY？NZBP（S）,NULL,NULL,NULL
410,局限性肾盏积液？囊肿不排（申）,超声,右/左肾皮髓交界处可见一无回声区，壁薄，内透声可，后壁回声增强，大小约mm,右/左肾无回声区，考虑：局限性肾盏积液？囊肿不排。,0,0,双肾,UIS,1,JXXSZJY？NZBP（S）,NULL,NULL,NULL
411,肝血管瘤（申）,超声,肝内可见稍高/稍低/等回声结节，大小约 x mm，形态规则，边界尚清，内部回声欠均匀，后方回声无衰减。
CDFI:结节内未见明显血流信号/可见点条状血流信号。,肝内稍高/稍低/等回声结节，考虑：肝血管瘤,0,0,肝脏,UIS,6,GXGL（S）,NULL,NULL,NULL
412,心脏（申）,超声,"2D：各房室内径正常，房室间隔未见明显连续中断,室间隔及左室后壁不厚，运动协调；主动脉、肺动脉内径正常，主、肺动脉位置关系正常，各瓣膜清晰，启闭自如；心包及心包腔未见明显异常回声。
M:二尖瓣前叶曲线呈“双峰”，前后叶运动异向。
CDFI：E＞A 房室间隔未见过隔血流，各瓣膜口未见明显返流血彩。
心功能：EF：%  FS：%
",心内结构未见明显异常声像，左室收缩舒张功能测值正常。,0,0,正常心脏,UIS,0,XZ（S）,NULL,NULL,NULL
413,正常颈动脉,超声,双侧颈动脉（颈总、颈内、颈外动脉）走行正常，内膜光滑，内-中膜未增厚，管腔内无明显斑块声像，未见明显狭窄及扩张。
CDFI：双侧颈总动脉、颈内动脉、颈外动脉、锁骨下动脉内血彩未见充盈缺损。
,双侧颈总动脉、颈内动脉、颈外动脉未见明显异常声像。,0,0,正常甲状腺、颈动脉、乳腺,UIS,0,ZCGDM,NULL,NULL,NULL
414,正常颈动脉（颈+椎动脉）,超声,双侧颈动脉（颈总、颈内、颈外动脉）走行正常，内膜光滑，内-中膜无增厚，未见明显狭窄及扩张，管腔内无明显斑块回声。
CDFI：双侧颈动脉内血彩未见充盈缺损，未见明显异常血流信号。

双侧椎动脉走行正常，内径对称，形态规则，内壁光滑，内未见斑块、狭窄、扩张及其他异常回声。
CDFI：双侧椎动脉血流速度正常，椎动脉内血彩未见充盈缺损。,双侧颈总动脉、颈内动脉、颈外动脉未见明显异常声像。
双侧椎动脉未见明显异常声像。,0,0,正常甲状腺、颈动脉、乳腺,UIS,0,ZCGDM（G+ZDM）,NULL,NULL,NULL
415,前列腺钙化灶-zlf,超声,膀胱充盈可，壁光滑，内未见明显包块回声。
前列腺形态规则，大小正常，实质回声欠均匀，内见强回声斑。
CDFI:所检脏器未见明显异常血流信号。,前列腺钙化灶。,0,0,前列腺,UIS,1,QLXGHZ-ZLF,NULL,NULL,NULL
416,前列腺稍大并钙化灶-zlf,超声,膀胱充盈可，壁光滑，内未见明显包块回声。
前列腺形态稍饱满，大小约xx mm，实质回声欠均匀，内见强回声斑。
CDFI:所检脏器未见明显异常血流信号。,前列腺稍大并钙化灶。,0,0,前列腺,UIS,1,QLXSDBGHZ-ZLF,NULL,NULL,NULL
417,前列腺增大并钙化灶-zlf,超声,膀胱充盈可，壁光滑，内未见明显包块回声。
前列腺形态饱满，大小约xx mm，实质回声欠均匀，内见强回声斑。
CDFI:所检脏器未见明显异常血流信号。,前列腺增大并钙化灶。,0,0,前列腺,UIS,1,QLXZDBGHZ-ZLF,NULL,NULL,NULL
418,颈动脉斑块（单独）,超声,双侧颈动脉（颈总、颈内、颈外动脉）走行正常，内膜面光滑，内中膜不厚，左侧/右侧颈动脉内可见等/低/不均质回声斑块，大小约xmm。
CDFI：上述颈动脉斑块处可见血彩充盈缺损，余颈动脉各段血流充盈好，血流速度正常。
,左/右侧颈动脉斑块形成。,0,0,颈动脉疾病,UIS,6,GDMBK（DD）,NULL,NULL,NULL
